id,subcategory_name,product_name,images,video,bgcolor,Shape 
1,solitaire,1.5mm Perth Bezel Engagement Ring,"{""1"":""https://qidsagjjizqvkbnuwbdm.supabase.co/storage/v1/object/public/product-media-storage/solitaire/1.5mm%20Perth%20Bezel%20Engagement%20Ring%20Top?"",""2"":""https://qidsagjjizqvkbnuwbdm.supabase.co/storage/v1/object/public/product-media-storage/solitaire/1.5mm%20Perth%20Bezel%20Engagement%20Ring%20Side1?"",""3"":""https://qidsagjjizqvkbnuwbdm.supabase.co/storage/v1/object/public/product-media-storage/solitaire/1.5mm%20Perth%20Bezel%20Engagement%20Ring%20Side2?""}",https://qidsagjjizqvkbnuwbdm.supabase.co/storage/v1/object/public/product-media-storage/videos/1.5mm%20Perth%20Bezel%20Engagement%20Ring?,"{""img"":""#F9F9F9"",""video"":""#FCFFFC""}",Emerald
2,solitaire,Elegant Cushion Solitaire Engagement Ring,"{""1"":""https://qidsagjjizqvkbnuwbdm.supabase.co/storage/v1/object/public/product-media-storage/solitaire/Elegant%20Cushion%20Solitaire%20Engagement%20Ring%20Top?"",""2"":""https://qidsagjjizqvkbnuwbdm.supabase.co/storage/v1/object/public/product-media-storage/solitaire/Elegant%20Cushion%20Solitaire%20Engagement%20Ring%20Side1?"",""3"":""https://qidsagjjizqvkbnuwbdm.supabase.co/storage/v1/object/public/product-media-storage/solitaire/Elegant%20Cushion%20Solitaire%20Engagement%20Ring%20Side2?""}",https://qidsagjjizqvkbnuwbdm.supabase.co/storage/v1/object/public/product-media-storage/videos/Elegant%20Cushion%20Solitaire%20Engagement%20Ring?,"{""img"":""#F9F9F9"",""video"":""#F6F9F6""}",Cushion
4,solitaire,Lunar Bezel Engagement Ring,"{""1"":""https://qidsagjjizqvkbnuwbdm.supabase.co/storage/v1/object/public/product-media-storage/solitaire/Lunar%20Bezel%20Engagement%20Ring%20Top?"",""2"":""https://qidsagjjizqvkbnuwbdm.supabase.co/storage/v1/object/public/product-media-storage/solitaire/Lunar%20Bezel%20Engagement%20Ring%20Side1?"",""3"":""https://qidsagjjizqvkbnuwbdm.supabase.co/storage/v1/object/public/product-media-storage/solitaire/Lunar%20Bezel%20Engagement%20Ring%20Side2?""}",https://qidsagjjizqvkbnuwbdm.supabase.co/storage/v1/object/public/product-media-storage/videos/Lunar%20Bezel%20Engagement%20Ring?,"{""img"":""#F8F8F8"",""video"":""#FCFFFC""}",Pear
5,solitaire,Levish Round Solitaire Engagement Ring,"{""1"":""https://qidsagjjizqvkbnuwbdm.supabase.co/storage/v1/object/public/product-media-storage/solitaire/Levish%20Round%20Solitaire%20Engagement%20Ring%20Top?"",""2"":""https://qidsagjjizqvkbnuwbdm.supabase.co/storage/v1/object/public/product-media-storage/solitaire/Levish%20Round%20Solitaire%20Engagement%20Ring%20Side1?""}",https://qidsagjjizqvkbnuwbdm.supabase.co/storage/v1/object/public/product-media-storage/videos/Levish%20Round%20Solitaire%20Engagement%20Ring?,"{""img"":""#FFFFFF"",""video"":""#F6F9F6""}",Round
6,solitaire,Open Double Band Solitaire Engagement Ring,"{""1"":""https://qidsagjjizqvkbnuwbdm.supabase.co/storage/v1/object/public/product-media-storage/solitaire/Open%20Double%20Band%20Solitaire%20Engagement%20Ring%20Top?"",""2"":""https://qidsagjjizqvkbnuwbdm.supabase.co/storage/v1/object/public/product-media-storage/solitaire/Open%20Double%20Band%20Solitaire%20Engagement%20Ring%20Side1?"",""3"":""https://qidsagjjizqvkbnuwbdm.supabase.co/storage/v1/object/public/product-media-storage/solitaire/Open%20Double%20Band%20Solitaire%20Engagement%20Ring%20Side2?""}",https://qidsagjjizqvkbnuwbdm.supabase.co/storage/v1/object/public/product-media-storage/videos/Open%20Double%20Band%20Solitaire%20Engagement%20Ring?,"{""img"":""#FAFAFA"",""video"":""#F6F9F6""}",Heart
7,solitaire,Perfect Radiant Solitaire Engagement Ring,"{""1"":""https://qidsagjjizqvkbnuwbdm.supabase.co/storage/v1/object/public/product-media-storage/solitaire/Perfect%20Radiant%20Solitaire%20Engagement%20Ring%20Top?"",""2"":""https://qidsagjjizqvkbnuwbdm.supabase.co/storage/v1/object/public/product-media-storage/solitaire/Perfect%20Radiant%20Solitaire%20Engagement%20Ring%20Side1?"",""3"":""https://qidsagjjizqvkbnuwbdm.supabase.co/storage/v1/object/public/product-media-storage/solitaire/Perfect%20Radiant%20Solitaire%20Engagement%20Ring%20Side2?""}",https://qidsagjjizqvkbnuwbdm.supabase.co/storage/v1/object/public/product-media-storage/videos/Perfect%20Radiant%20Solitaire%20Engagement%20Ring?,"{""img"":""#FAFAFA"",""video"":""#F6F9F6""}",Radiant
8,solitaire,Perfect White Solitaire Engagement Ring,"{""1"":""https://qidsagjjizqvkbnuwbdm.supabase.co/storage/v1/object/public/product-media-storage/solitaire/Perfect%20White%20Solitaire%20Engagement%20Ring%20Top?"",""2"":""https://qidsagjjizqvkbnuwbdm.supabase.co/storage/v1/object/public/product-media-storage/solitaire/Perfect%20White%20Solitaire%20Engagement%20Ring%20Side1?"",""3"":""https://qidsagjjizqvkbnuwbdm.supabase.co/storage/v1/object/public/product-media-storage/solitaire/Perfect%20White%20Solitaire%20Engagement%20Ring%20Side2?""}",https://qidsagjjizqvkbnuwbdm.supabase.co/storage/v1/object/public/product-media-storage/videos/Perfect%20White%20Solitaire%20Engagement%20Ring?t=2024-06-03T09%3A18%3A02.467Z,"{""img"":""#FAFAFA"",""video"":""#F6F9F6""}",Round
9,solitaire,Petite Shared Prong Diamond Engagement Ring,"{""1"":""https://qidsagjjizqvkbnuwbdm.supabase.co/storage/v1/object/public/product-media-storage/solitaire/Petite%20Shared%20Prong%20Diamond%20Engagement%20Ring%20Top?"",""2"":""https://qidsagjjizqvkbnuwbdm.supabase.co/storage/v1/object/public/product-media-storage/solitaire/Petite%20Shared%20Prong%20Diamond%20Engagement%20Ring%20Side1?"",""3"":""https://qidsagjjizqvkbnuwbdm.supabase.co/storage/v1/object/public/product-media-storage/solitaire/Petite%20Shared%20Prong%20Diamond%20Engagement%20Ring%20Side2?""}",https://qidsagjjizqvkbnuwbdm.supabase.co/storage/v1/object/public/product-media-storage/videos/Petite%20Shared%20Prong%20Diamond%20Engagement%20Ring,"{""img"":""#FAFAFA"",""video"":""#F6F9F6""}",Princess 
10,solitaire,Radiant Solitaire Engagement Ring,"{""1"":""https://qidsagjjizqvkbnuwbdm.supabase.co/storage/v1/object/public/product-media-storage/solitaire/Radiant%20Solitaire%20Engagement%20Ring%20Top?"",""2"":""https://qidsagjjizqvkbnuwbdm.supabase.co/storage/v1/object/public/product-media-storage/solitaire/Radiant%20Solitaire%20Engagement%20Ring%20Side1?"",""3"":""https://qidsagjjizqvkbnuwbdm.supabase.co/storage/v1/object/public/product-media-storage/solitaire/Radiant%20Solitaire%20Engagement%20Ring%20Side2?""}",https://qidsagjjizqvkbnuwbdm.supabase.co/storage/v1/object/public/product-media-storage/videos/Radiant%20Solitaire%20Engagement%20Ring?,"{""img"":""#F9F9F9"",""video"":""#F6F9F6""}",Radiant
11,solitaire,Rose Gold Solitaire Ring,"{""1"":""https://qidsagjjizqvkbnuwbdm.supabase.co/storage/v1/object/public/product-media-storage/solitaire/Rose%20Gold%20Solitaire%20Ring%20Top?"",""2"":""https://qidsagjjizqvkbnuwbdm.supabase.co/storage/v1/object/public/product-media-storage/solitaire/Rose%20Gold%20Solitaire%20Ring%20Side2?"",""3"":""https://qidsagjjizqvkbnuwbdm.supabase.co/storage/v1/object/public/product-media-storage/solitaire/Rose%20Gold%20Solitaire%20Ring%20Side1?""}",https://qidsagjjizqvkbnuwbdm.supabase.co/storage/v1/object/public/product-media-storage/videos/Rose%20Gold%20Solitaire%20Ring?,"{""img"":""#FAFAFA"",""video"":""#F6F9F6""}",Round
12,solitaire,White Gold Solitaire Ring,"{""1"":""https://qidsagjjizqvkbnuwbdm.supabase.co/storage/v1/object/public/product-media-storage/solitaire/White%20Gold%20Solitaire%20Ring%20Top?"",""2"":""https://qidsagjjizqvkbnuwbdm.supabase.co/storage/v1/object/public/product-media-storage/solitaire/White%20Gold%20Solitaire%20Ring%20Side1?"",""3"":""https://qidsagjjizqvkbnuwbdm.supabase.co/storage/v1/object/public/product-media-storage/solitaire/White%20Gold%20Solitaire%20Ring%20Side2?""}",https://qidsagjjizqvkbnuwbdm.supabase.co/storage/v1/object/public/product-media-storage/videos/White%20Gold%20Solitaire%20Ring?,"{""img"":""#FAFAFA"",""video"":""#F6F9F6""}",Round
13,hidden_halo,Denver Lab Diamond Engagement Ring,"{""1"":""https://qidsagjjizqvkbnuwbdm.supabase.co/storage/v1/object/public/product-media-storage/hidden_halo/Denver%20Lab%20Diamond%20Engagement%20Ring%20Top?"",""2"":""https://qidsagjjizqvkbnuwbdm.supabase.co/storage/v1/object/public/product-media-storage/hidden_halo/Denver%20Lab%20Diamond%20Engagement%20Ring%20Side1?"",""3"":""https://qidsagjjizqvkbnuwbdm.supabase.co/storage/v1/object/public/product-media-storage/hidden_halo/Denver%20Lab%20Diamond%20Engagement%20Ring%20Side2?""}",https://qidsagjjizqvkbnuwbdm.supabase.co/storage/v1/object/public/product-media-storage/videos/Denver%20Lab%20Diamond%20Engagement%20Ring?,"{""img"":""#FAFAFA"",""video"":""#F6F9F6""}",Oval
14,hidden_halo,Baguette and Round Lab Diamond Engagement Ring,"{""1"":""https://qidsagjjizqvkbnuwbdm.supabase.co/storage/v1/object/public/product-media-storage/hidden_halo/Baguette%20and%20Round%20Lab%20Diamond%20Engagement%20Ring%20Top?"",""2"":""https://qidsagjjizqvkbnuwbdm.supabase.co/storage/v1/object/public/product-media-storage/hidden_halo/Baguette%20and%20Round%20Lab%20Diamond%20Engagement%20Ring%20Side1?"",""3"":""https://qidsagjjizqvkbnuwbdm.supabase.co/storage/v1/object/public/product-media-storage/hidden_halo/Baguette%20and%20Round%20Lab%20Diamond%20Engagement%20Ring%20Side2?""}",https://qidsagjjizqvkbnuwbdm.supabase.co/storage/v1/object/public/product-media-storage/videos/Baguette%20and%20Round%20Lab%20Diamond%20Engagement%20Ring?,"{""img"":""#FAFAFA"",""video"":""#F6F9F6""}",Oval
15,hidden_halo,Dove Lab Diamond Engagement Ring,"{""1"":""https://qidsagjjizqvkbnuwbdm.supabase.co/storage/v1/object/public/product-media-storage/hidden_halo/Dove%20Lab%20Diamond%20Engagement%20Ring%20Top?"",""2"":""https://qidsagjjizqvkbnuwbdm.supabase.co/storage/v1/object/public/product-media-storage/hidden_halo/Dove%20Lab%20Diamond%20Engagement%20Ring%20Side1?"",""3"":""https://qidsagjjizqvkbnuwbdm.supabase.co/storage/v1/object/public/product-media-storage/hidden_halo/Dove%20Lab%20Diamond%20Engagement%20Ring%20Side2?""}",https://qidsagjjizqvkbnuwbdm.supabase.co/storage/v1/object/public/product-media-storage/videos/Dove%20Lab%20Diamond%20Engagement%20Ring?,"{""img"":""#FAFAFA"",""video"":""#F6F9F6""}",Pear
16,hidden_halo,Modern Secret Halo Diamond Engagement Ring,"{""1"":""https://qidsagjjizqvkbnuwbdm.supabase.co/storage/v1/object/public/product-media-storage/hidden_halo/Modern%20Secret%20Halo%20Diamond%20Engagement%20Ring%20Top?"",""2"":""https://qidsagjjizqvkbnuwbdm.supabase.co/storage/v1/object/public/product-media-storage/hidden_halo/Modern%20Secret%20Halo%20Diamond%20Engagement%20Ring%20Side1?"",""3"":""https://qidsagjjizqvkbnuwbdm.supabase.co/storage/v1/object/public/product-media-storage/hidden_halo/Modern%20Secret%20Halo%20Diamond%20Engagement%20Ring%20Side2?""}",https://qidsagjjizqvkbnuwbdm.supabase.co/storage/v1/object/public/product-media-storage/videos/Modern%20Secret%20Halo%20Diamond%20Engagement%20Ring?,"{""img"":""#F9F9F9"",""video"":""#EEF1EE""}",Round
17,hidden_halo,Oval Diamond White Engagement Ring,"{""1"":""https://qidsagjjizqvkbnuwbdm.supabase.co/storage/v1/object/public/product-media-storage/hidden_halo/Oval%20Diamond%20White%20Engagement%20Ring%20Top?"",""2"":""https://qidsagjjizqvkbnuwbdm.supabase.co/storage/v1/object/public/product-media-storage/hidden_halo/Oval%20Diamond%20White%20Engagement%20Ring%20Side1?"",""3"":""https://qidsagjjizqvkbnuwbdm.supabase.co/storage/v1/object/public/product-media-storage/hidden_halo/Oval%20Diamond%20White%20Engagement%20Ring%20Side2?""}",https://qidsagjjizqvkbnuwbdm.supabase.co/storage/v1/object/public/product-media-storage/videos/Oval%20Diamond%20White%20Engagement%20Ring?,"{""img"":""#FAFAFA"",""video"":""#EEF1EE""}",Oval
18,hidden_halo,Oval Perfect Fit Lab Diamond Engagement Ring,"{""1"":""https://qidsagjjizqvkbnuwbdm.supabase.co/storage/v1/object/public/product-media-storage/hidden_halo/Oval%20Perfect%20Fit%20Lab%20Diamond%20Engagement%20Ring%20Top?"",""2"":""https://qidsagjjizqvkbnuwbdm.supabase.co/storage/v1/object/public/product-media-storage/hidden_halo/Oval%20Perfect%20Fit%20Lab%20Diamond%20Engagement%20Ring%20Side1?"",""3"":""https://qidsagjjizqvkbnuwbdm.supabase.co/storage/v1/object/public/product-media-storage/hidden_halo/Oval%20Perfect%20Fit%20Lab%20Diamond%20Engagement%20Ring%20Side2?""}",https://qidsagjjizqvkbnuwbdm.supabase.co/storage/v1/object/public/product-media-storage/videos/Oval%20Perfect%20Fit%20Lab%20Diamond%20Engagement%20Ring?,"{""img"":""#FAFAFA"",""video"":""#F6F9F6""}",Oval
19,hidden_halo,Pear Halo Lab Diamond Engagement Ring,"{""1"":""https://qidsagjjizqvkbnuwbdm.supabase.co/storage/v1/object/public/product-media-storage/hidden_halo/Pear%20Halo%20Lab%20Diamond%20Engagement%20Ring%20Top?"",""2"":""https://qidsagjjizqvkbnuwbdm.supabase.co/storage/v1/object/public/product-media-storage/hidden_halo/Pear%20Halo%20Lab%20Diamond%20Engagement%20Ring%20Side1?"",""3"":""https://qidsagjjizqvkbnuwbdm.supabase.co/storage/v1/object/public/product-media-storage/hidden_halo/Pear%20Halo%20Lab%20Diamond%20Engagement%20Ring%20Side2?""}",https://qidsagjjizqvkbnuwbdm.supabase.co/storage/v1/object/public/product-media-storage/videos/Pear%20Halo%20Lab%20Diamond%20Engagement%20Ring?,"{""img"":""#FAFAFA"",""video"":""#F6F9F6""}",Pear
20,hidden_halo,Perfect Fit Lab Diamond Engagement Ring,"{""1"":""https://qidsagjjizqvkbnuwbdm.supabase.co/storage/v1/object/public/product-media-storage/hidden_halo/Perfect%20Fit%20Lab%20Diamond%20Engagement%20Ring%20Top?"",""2"":""https://qidsagjjizqvkbnuwbdm.supabase.co/storage/v1/object/public/product-media-storage/hidden_halo/Perfect%20Fit%20Lab%20Diamond%20Engagement%20Ring%20Side1?"",""3"":""https://qidsagjjizqvkbnuwbdm.supabase.co/storage/v1/object/public/product-media-storage/hidden_halo/Perfect%20Fit%20Lab%20Diamond%20Engagement%20Ring%20Side2?""}",https://qidsagjjizqvkbnuwbdm.supabase.co/storage/v1/object/public/product-media-storage/videos/Perfect%20Fit%20Lab%20Diamond%20Engagement%20Ring?,"{""img"":""#FAFAFA"",""video"":""#F6F9F6""}",Round
21,hidden_halo,Perfect Fit Pear Lab Diamond Engagement Ring,"{""1"":""https://qidsagjjizqvkbnuwbdm.supabase.co/storage/v1/object/public/product-media-storage/hidden_halo/Perfect%20Fit%20Pear%20Lab%20Diamond%20Engagement%20Ring%20Top?"",""2"":""https://qidsagjjizqvkbnuwbdm.supabase.co/storage/v1/object/public/product-media-storage/hidden_halo/Perfect%20Fit%20Pear%20Lab%20Diamond%20Engagement%20Ring%20Side1?"",""3"":""https://qidsagjjizqvkbnuwbdm.supabase.co/storage/v1/object/public/product-media-storage/hidden_halo/Perfect%20Fit%20Pear%20Lab%20Diamond%20Engagement%20Ring%20Side2?""}",https://qidsagjjizqvkbnuwbdm.supabase.co/storage/v1/object/public/product-media-storage/videos/Perfect%20Fit%20Pear%20Lab%20Diamond%20Engagement%20Ring?,"{""img"":""#FAFAFA"",""video"":""#F6F9F6""}",Pear
23,hidden_halo,Round Rose Hidden Halo Lab Diamond Engagement Ring,"{""1"":""https://qidsagjjizqvkbnuwbdm.supabase.co/storage/v1/object/public/product-media-storage/hidden_halo/Round%20Rose%20Hidden%20Halo%20Lab%20Diamond%20Engagement%20Ring%20Top?"",""2"":""https://qidsagjjizqvkbnuwbdm.supabase.co/storage/v1/object/public/product-media-storage/hidden_halo/Round%20Rose%20Hidden%20Halo%20Lab%20Diamond%20Engagement%20Ring%20Side1?"",""3"":""https://qidsagjjizqvkbnuwbdm.supabase.co/storage/v1/object/public/product-media-storage/hidden_halo/Round%20Rose%20Hidden%20Halo%20Lab%20Diamond%20Engagement%20Ring%20Side2?""}",https://qidsagjjizqvkbnuwbdm.supabase.co/storage/v1/object/public/product-media-storage/videos/Round%20Rose%20Hidden%20Halo%20Lab%20Diamond%20Engagement%20Ring?,"{""img"":""#F9F9F9"",""video"":""#F6F9F6""}",Round
24,hidden_halo,Secret Halo Diamond Engagement Ring,"{""1"":""https://qidsagjjizqvkbnuwbdm.supabase.co/storage/v1/object/public/product-media-storage/hidden_halo/Secret%20Halo%20Diamond%20Engagement%20Ring%20top?"",""2"":""https://qidsagjjizqvkbnuwbdm.supabase.co/storage/v1/object/public/product-media-storage/hidden_halo/Secret%20Halo%20Diamond%20Engagement%20Ring%20side1?"",""3"":""https://qidsagjjizqvkbnuwbdm.supabase.co/storage/v1/object/public/product-media-storage/hidden_halo/Secret%20Halo%20Diamond%20Engagement%20Ring%20side2?""}",https://qidsagjjizqvkbnuwbdm.supabase.co/storage/v1/object/public/product-media-storage/videos/Secret%20Halo%20Diamond%20Engagement%20Ring?,"{""img"":""#FAFAFA"",""video"":""#FCFFC""}",Round
25,three_stone,North-West Three Stone Diamond Engagement Ring,"{""1"":""https://qidsagjjizqvkbnuwbdm.supabase.co/storage/v1/object/public/product-media-storage/three_stone/North-West%20Three%20Stone%20Diamond%20Engagement%20Ring%20Top?"",""2"":""https://qidsagjjizqvkbnuwbdm.supabase.co/storage/v1/object/public/product-media-storage/three_stone/North-West%20Three%20Stone%20Diamond%20Engagement%20Ring%20Side1?""}",https://qidsagjjizqvkbnuwbdm.supabase.co/storage/v1/object/public/product-media-storage/videos/North-West%20Three%20Stone%20Diamond%20Engagement%20Ring?,"{""img"":""#FFFFFF"",""video"":""#F6F9F6""}",Marquise
26,three_stone,Opera Three Stone Diamond Engagement Ring,"{""1"":""https://qidsagjjizqvkbnuwbdm.supabase.co/storage/v1/object/public/product-media-storage/three_stone/Opera%20Three%20Stone%20Diamond%20Engagement%20Ring%20Top?"",""2"":""https://qidsagjjizqvkbnuwbdm.supabase.co/storage/v1/object/public/product-media-storage/three_stone/Opera%20Three%20Stone%20Diamond%20Engagement%20Ring%20Side1?"",""3"":""https://qidsagjjizqvkbnuwbdm.supabase.co/storage/v1/object/public/product-media-storage/three_stone/Opera%20Three%20Stone%20Diamond%20Engagement%20Ring%20Side2?""}",https://qidsagjjizqvkbnuwbdm.supabase.co/storage/v1/object/public/product-media-storage/videos/Opera%20Three%20Stone%20Diamond%20Engagement%20Ring?,"{""img"":""#F9F9F9"",""video"":""#F6F9F6""}",Round
27,three_stone,Luxe Rhiannon Three Stone Lab Emerald Engagement Ring,"{""1"":""https://qidsagjjizqvkbnuwbdm.supabase.co/storage/v1/object/public/product-media-storage/three_stone/Luxe%20Rhiannon%20Three%20Stone%20Lab%20Emerald%20Engagement%20Ring%20Top?"",""2"":""https://qidsagjjizqvkbnuwbdm.supabase.co/storage/v1/object/public/product-media-storage/three_stone/Luxe%20Rhiannon%20Three%20Stone%20Lab%20Emerald%20Engagement%20Ring%20Side1?"",""3"":""https://qidsagjjizqvkbnuwbdm.supabase.co/storage/v1/object/public/product-media-storage/three_stone/Luxe%20Rhiannon%20Three%20Stone%20Lab%20Emerald%20Engagement%20Ring%20Side2?""}",https://qidsagjjizqvkbnuwbdm.supabase.co/storage/v1/object/public/product-media-storage/videos/Luxe%20Rhiannon%20Three%20Stone%20Lab%20Emerald%20Engagement%20Ring?,"{""img"":""#FAFAFA"",""video"":""#FCFFFC""}",Emerald
28,three_stone,Aimee Three Stone Diamond Engagement Ring,"{""1"":""https://qidsagjjizqvkbnuwbdm.supabase.co/storage/v1/object/public/product-media-storage/three_stone/Aimee%20Three%20Stone%20Diamond%20Engagement%20Ring%20Top?"",""2"":""https://qidsagjjizqvkbnuwbdm.supabase.co/storage/v1/object/public/product-media-storage/three_stone/Aimee%20Three%20Stone%20Diamond%20Engagement%20Ring%20Side1?"",""3"":""https://qidsagjjizqvkbnuwbdm.supabase.co/storage/v1/object/public/product-media-storage/three_stone/Aimee%20Three%20Stone%20Diamond%20Engagement%20Ring%20Side2?""}",https://qidsagjjizqvkbnuwbdm.supabase.co/storage/v1/object/public/product-media-storage/videos/Aimee%20Three%20Stone%20Diamond%20Engagement%20Ring?,"{""img"":""#FAFAFA"",""video"":""#F6F9F6""}",Radiant
29,three_stone,Oval Three Stone Diamond Engagement Ring,"{""1"":""https://qidsagjjizqvkbnuwbdm.supabase.co/storage/v1/object/public/product-media-storage/three_stone/Oval%20Three%20Stone%20Diamond%20Engagement%20Ring%20Top?"",""2"":""https://qidsagjjizqvkbnuwbdm.supabase.co/storage/v1/object/public/product-media-storage/three_stone/Oval%20Three%20Stone%20Diamond%20Engagement%20Ring%20Side1?"",""3"":""https://qidsagjjizqvkbnuwbdm.supabase.co/storage/v1/object/public/product-media-storage/three_stone/Oval%20Three%20Stone%20Diamond%20Engagement%20Ring%20Side2?""}",https://qidsagjjizqvkbnuwbdm.supabase.co/storage/v1/object/public/product-media-storage/videos/Oval%20Three%20Stone%20Diamond%20Engagement%20Ring?,"{""img"":""#FAFAFA"",""video"":""#F6F9F6""}",Oval
30,three_stone,Petite Rhiannon Three Stone Diamond Engagement Ring,"{""1"":""https://qidsagjjizqvkbnuwbdm.supabase.co/storage/v1/object/public/product-media-storage/three_stone/Petite%20Rhiannon%20Three%20Stone%20Diamond%20Engagement%20Ring%20Top?"",""2"":""https://qidsagjjizqvkbnuwbdm.supabase.co/storage/v1/object/public/product-media-storage/three_stone/Petite%20Rhiannon%20Three%20Stone%20Diamond%20Engagement%20Ring%20Side1?"",""3"":""https://qidsagjjizqvkbnuwbdm.supabase.co/storage/v1/object/public/product-media-storage/three_stone/Petite%20Rhiannon%20Three%20Stone%20Diamond%20Engagement%20Ring%20Side2?""}",https://qidsagjjizqvkbnuwbdm.supabase.co/storage/v1/object/public/product-media-storage/videos/Petite%20Rhiannon%20Three%20Stone%20Diamond%20Engagement%20Ring?,"{""img"":""#F9F9F9"",""video"":""#F6F9F6""}",Emerald
31,three_stone,Three Stone Diamond Engagement Ring,"{""1"":""https://qidsagjjizqvkbnuwbdm.supabase.co/storage/v1/object/public/product-media-storage/three_stone/Three%20Stone%20Diamond%20Engagement%20Ring%20Top?"",""2"":""https://qidsagjjizqvkbnuwbdm.supabase.co/storage/v1/object/public/product-media-storage/three_stone/Three%20Stone%20Diamond%20Engagement%20Ring%20Side1?"",""3"":""https://qidsagjjizqvkbnuwbdm.supabase.co/storage/v1/object/public/product-media-storage/three_stone/Three%20Stone%20Diamond%20Engagement%20Ring%20Side2?""}",https://qidsagjjizqvkbnuwbdm.supabase.co/storage/v1/object/public/product-media-storage/videos/Three%20Stone%20Diamond%20Engagement%20Ring?,"{""img"":""#F9F9F9"",""video"":""#F6F9F6""}",Radiant
32,halo,Bella Halo Diamond Ring,"{""1"":""https://qidsagjjizqvkbnuwbdm.supabase.co/storage/v1/object/public/product-media-storage/halo/Bella%20Halo%20Diamond%20Ring%20Top?"",""2"":""https://qidsagjjizqvkbnuwbdm.supabase.co/storage/v1/object/public/product-media-storage/halo/Bella%20Halo%20Diamond%20Ring%20Side1?"",""3"":""https://qidsagjjizqvkbnuwbdm.supabase.co/storage/v1/object/public/product-media-storage/halo/Bella%20Halo%20Diamond%20Ring%20Side2?""}",https://qidsagjjizqvkbnuwbdm.supabase.co/storage/v1/object/public/product-media-storage/videos/Bella%20Halo%20Diamond%20Ring?,"{""img"":""#F9F9F9"",""video"":""#F6F9F6""}",Oval
33,halo,Dana Halo Diamond Ring,"{""1"":""https://qidsagjjizqvkbnuwbdm.supabase.co/storage/v1/object/public/product-media-storage/halo/Dana%20Halo%20Diamond%20Ring%20Top?"",""2"":""https://qidsagjjizqvkbnuwbdm.supabase.co/storage/v1/object/public/product-media-storage/halo/Dana%20Halo%20Diamond%20Ring%20Side1?"",""3"":""https://qidsagjjizqvkbnuwbdm.supabase.co/storage/v1/object/public/product-media-storage/halo/Dana%20Halo%20Diamond%20Ring%20Side2?""}",https://qidsagjjizqvkbnuwbdm.supabase.co/storage/v1/object/public/product-media-storage/videos/Dana%20Halo%20Diamond%20Ring?,"{""img"":""#FAFAFA"",""video"":""#F6F9F6""}",Round
34,halo,Eliza Halo Diamond Ring,"{""1"":""https://qidsagjjizqvkbnuwbdm.supabase.co/storage/v1/object/public/product-media-storage/halo/Eliza%20Halo%20Diamond%20Ring%20Top?"",""2"":""https://qidsagjjizqvkbnuwbdm.supabase.co/storage/v1/object/public/product-media-storage/halo/Eliza%20Halo%20Diamond%20Ring%20Side1?"",""3"":""https://qidsagjjizqvkbnuwbdm.supabase.co/storage/v1/object/public/product-media-storage/halo/Eliza%20Halo%20Diamond%20Ring%20Side2?""}",https://qidsagjjizqvkbnuwbdm.supabase.co/storage/v1/object/public/product-media-storage/videos/Eliza%20Halo%20Diamond%20Ring?,"{""img"":""#F9F9F9"",""video"":""#F6F9F6""}",Cusion
35,halo,Isle Halo Diamond Ring,"{""1"":""https://qidsagjjizqvkbnuwbdm.supabase.co/storage/v1/object/public/product-media-storage/halo/Isle%20Halo%20Diamond%20Ring%20Top?"",""2"":""https://qidsagjjizqvkbnuwbdm.supabase.co/storage/v1/object/public/product-media-storage/halo/Isle%20Halo%20Diamond%20Ring%20Side1?"",""3"":""https://qidsagjjizqvkbnuwbdm.supabase.co/storage/v1/object/public/product-media-storage/halo/Isle%20Halo%20Diamond%20Ring%20Side2?""}",https://qidsagjjizqvkbnuwbdm.supabase.co/storage/v1/object/public/product-media-storage/videos/Isle%20Halo%20Diamond%20Ring?,"{""img"":""#F9F9F9"",""video"":""#F6F9F6""}",Oval
36,halo,Liza Halo Diamond Ring,"{""1"":""https://qidsagjjizqvkbnuwbdm.supabase.co/storage/v1/object/public/product-media-storage/halo/Liza_Halo_Diamond_Ring_Top.webp"",""2"":""https://qidsagjjizqvkbnuwbdm.supabase.co/storage/v1/object/public/product-media-storage/halo/Liza%20Halo%20Diamond%20Ring%20Side1?"",""3"":""https://qidsagjjizqvkbnuwbdm.supabase.co/storage/v1/object/public/product-media-storage/halo/Liza%20Halo%20Diamond%20Ring%20Side2?""}",https://qidsagjjizqvkbnuwbdm.supabase.co/storage/v1/object/public/product-media-storage/videos/Liza%20Halo%20Diamond%20Ring?,"{""img"":""#FAFAFA"",""video"":""#F6F9F6""}",Oval
37,halo,Luma Aria Halo Diamond Ring,"{""1"":""https://qidsagjjizqvkbnuwbdm.supabase.co/storage/v1/object/public/product-media-storage/halo/Luma%20Aria%20Halo%20Diamond%20Ring%20Top?"",""2"":""https://qidsagjjizqvkbnuwbdm.supabase.co/storage/v1/object/public/product-media-storage/halo/Luma%20Aria%20Halo%20Diamond%20Ring%20Side1?"",""3"":""https://qidsagjjizqvkbnuwbdm.supabase.co/storage/v1/object/public/product-media-storage/halo/Luma%20Aria%20Halo%20Diamond%20Ring%20Side2?""}",https://qidsagjjizqvkbnuwbdm.supabase.co/storage/v1/object/public/product-media-storage/videos/Luma%20Aria%20Halo%20Diamond%20Ring?,"{""img"":""#FAFAFA"",""video"":""#EEF1EE""}",Pear
38,halo,Sia Halo Diamond Ring,"{""1"":""https://qidsagjjizqvkbnuwbdm.supabase.co/storage/v1/object/public/product-media-storage/halo/Sia%20Halo%20Diamond%20Ring%20Top?"",""2"":""https://qidsagjjizqvkbnuwbdm.supabase.co/storage/v1/object/public/product-media-storage/halo/Sia%20Halo%20Diamond%20Ring%20Side1?"",""3"":""https://qidsagjjizqvkbnuwbdm.supabase.co/storage/v1/object/public/product-media-storage/halo/Sia%20Halo%20Diamond%20Ring%20Side2?""}",https://qidsagjjizqvkbnuwbdm.supabase.co/storage/v1/object/public/product-media-storage/videos/Sia%20Halo%20Diamond%20Ring?,"{""img"":""#F9F9F9"",""video"":""#F6F9F6""}",Emerald
39,vintage,Ami Diamond Ring,"{""1"":""https://qidsagjjizqvkbnuwbdm.supabase.co/storage/v1/object/public/product-media-storage/vintage/Ami%20Diamond%20Ring%20Top?"",""2"":""https://qidsagjjizqvkbnuwbdm.supabase.co/storage/v1/object/public/product-media-storage/vintage/Ami%20Diamond%20Ring%20Side1?"",""3"":""https://qidsagjjizqvkbnuwbdm.supabase.co/storage/v1/object/public/product-media-storage/vintage/Ami%20Diamond%20Ring%20Side2?""}",https://qidsagjjizqvkbnuwbdm.supabase.co/storage/v1/object/public/product-media-storage/videos/Ami%20Diamond%20Ring?,"{""img"":""#FAFAFA"",""video"":""#F6F9F6""}",Radiant
40,vintage,Blue Sapphire and Diamond Ring,"{""1"":""https://qidsagjjizqvkbnuwbdm.supabase.co/storage/v1/object/public/product-media-storage/vintage/Blue%20Sapphire%20and%20Diamond%20Ring%20Top?"",""2"":""https://qidsagjjizqvkbnuwbdm.supabase.co/storage/v1/object/public/product-media-storage/vintage/Blue%20Sapphire%20and%20Diamond%20Ring%20Side1?"",""3"":""https://qidsagjjizqvkbnuwbdm.supabase.co/storage/v1/object/public/product-media-storage/vintage/Blue%20Sapphire%20and%20Diamond%20Ring%20Side2?""}",https://qidsagjjizqvkbnuwbdm.supabase.co/storage/v1/object/public/product-media-storage/videos/Blue%20Sapphire%20and%20Diamond%20Ring?,"{""img"":""#FAFAFA"",""video"":""#F6F9F6""}",Round
41,vintage,Heat Diamond Ring,"{""1"":""https://qidsagjjizqvkbnuwbdm.supabase.co/storage/v1/object/public/product-media-storage/vintage/Heat%20Diamond%20Ring%20Top?"",""2"":""https://qidsagjjizqvkbnuwbdm.supabase.co/storage/v1/object/public/product-media-storage/vintage/Heat%20Diamond%20Ring%20Side1?"",""3"":""https://qidsagjjizqvkbnuwbdm.supabase.co/storage/v1/object/public/product-media-storage/vintage/Heat%20Diamond%20Ring%20Side2?""}",https://qidsagjjizqvkbnuwbdm.supabase.co/storage/v1/object/public/product-media-storage/videos/Heat%20Diamond%20Ring?,"{""img"":""#F9F9F9"",""video"":""#F0F3F0""}",Heart
42,vintage,Secret Flower Diamond Engagement Ring,"{""1"":""https://qidsagjjizqvkbnuwbdm.supabase.co/storage/v1/object/public/product-media-storage/vintage/Secret%20Flower%20Diamond%20Engagement%20Ring%20Top?"",""2"":""https://qidsagjjizqvkbnuwbdm.supabase.co/storage/v1/object/public/product-media-storage/vintage/Secret%20Flower%20Diamond%20Engagement%20Ring%20Side1?"",""3"":""https://qidsagjjizqvkbnuwbdm.supabase.co/storage/v1/object/public/product-media-storage/vintage/Secret%20Flower%20Diamond%20Engagement%20Ring%20Side2?""}",https://qidsagjjizqvkbnuwbdm.supabase.co/storage/v1/object/public/product-media-storage/videos/Secret%20Flower%20Diamond%20Ring?,"{""img"":""#FAFAFA"",""video"":""#FCFFFC""}",Oval
43,vintage,Silk Halo Diamond Ring,"{""1"":""https://qidsagjjizqvkbnuwbdm.supabase.co/storage/v1/object/public/product-media-storage/vintage/Silk%20Halo%20Diamond%20Ring%20Top?"",""2"":""https://qidsagjjizqvkbnuwbdm.supabase.co/storage/v1/object/public/product-media-storage/vintage/Silk%20Halo%20Diamond%20Ring%20Side1?"",""3"":""https://qidsagjjizqvkbnuwbdm.supabase.co/storage/v1/object/public/product-media-storage/vintage/Silk%20Halo%20Diamond%20Ring%20Side2?""}",https://qidsagjjizqvkbnuwbdm.supabase.co/storage/v1/object/public/product-media-storage/videos/Silk%20Halo%20Diamond%20Ring?,"{""img"":""#FAFAFA"",""video"":""#F6F9F6""}",Emerald
44,vintage,Tia Three Stone Engagement Ring,"{""1"":""https://qidsagjjizqvkbnuwbdm.supabase.co/storage/v1/object/public/product-media-storage/vintage/Tia%20Three%20Stone%20Engagement%20Ring%20Top?"",""2"":""https://qidsagjjizqvkbnuwbdm.supabase.co/storage/v1/object/public/product-media-storage/vintage/Tia%20Three%20Stone%20Engagement%20Ring%20Side1?"",""3"":""https://qidsagjjizqvkbnuwbdm.supabase.co/storage/v1/object/public/product-media-storage/vintage/Tia%20Three%20Stone%20Engagement%20Ring%20Side2?""}",https://qidsagjjizqvkbnuwbdm.supabase.co/storage/v1/object/public/product-media-storage/videos/Tia%20Three%20Stone%20Engagement%20Ring?,"{""img"":""#FAFAFA"",""video"":""#F6F9F6""}",Marquise
45,side_stone,Daimee Diamond Ring,"{""1"":""https://qidsagjjizqvkbnuwbdm.supabase.co/storage/v1/object/public/product-media-storage/side_stone/Daimee%20Diamond%20Ring%20Top?"",""2"":""https://qidsagjjizqvkbnuwbdm.supabase.co/storage/v1/object/public/product-media-storage/side_stone/Daimee%20Diamond%20Ring%20Side1?"",""3"":""https://qidsagjjizqvkbnuwbdm.supabase.co/storage/v1/object/public/product-media-storage/side_stone/Daimee%20Diamond%20Ring%20Side2?""}",https://qidsagjjizqvkbnuwbdm.supabase.co/storage/v1/object/public/product-media-storage/videos/Daimee%20Diamond%20Ring?,"{""img"":""#F9F9F9"",""video"":""#F6F9F6""}",Round
46,side_stone,Lis Baguette and Round Diamond Ring,"{""1"":""https://qidsagjjizqvkbnuwbdm.supabase.co/storage/v1/object/public/product-media-storage/side_stone/Lis%20Baguette%20and%20Round%20Diamond%20Ring%20Top?"",""2"":""https://qidsagjjizqvkbnuwbdm.supabase.co/storage/v1/object/public/product-media-storage/side_stone/Lis%20Baguette%20and%20Round%20Diamond%20Ring%20Side1?"",""3"":""https://qidsagjjizqvkbnuwbdm.supabase.co/storage/v1/object/public/product-media-storage/side_stone/Lis%20Baguette%20and%20Round%20Diamond%20Ring%20Side2?""}",https://qidsagjjizqvkbnuwbdm.supabase.co/storage/v1/object/public/product-media-storage/videos/Lis%20Baguette%20and%20Round%20Diamond%20Ring?,"{""img"":""#FAFAFA"",""video"":""#F6F9F6""}",Heart
47,side_stone,Lis Diamond Ring,"{""1"":""https://qidsagjjizqvkbnuwbdm.supabase.co/storage/v1/object/public/product-media-storage/side_stone/Lis%20Diamond%20Ring%20Top?"",""2"":""https://qidsagjjizqvkbnuwbdm.supabase.co/storage/v1/object/public/product-media-storage/side_stone/Lis%20Diamond%20Ring%20Side1?"",""3"":""https://qidsagjjizqvkbnuwbdm.supabase.co/storage/v1/object/public/product-media-storage/side_stone/Lis%20Diamond%20Ring%20Side2?""}",https://qidsagjjizqvkbnuwbdm.supabase.co/storage/v1/object/public/product-media-storage/videos/Lis%20Diamond%20Ring?,"{""img"":""#FAFAFA"",""video"":""#F6F9F6""}",Princess 
48,side_stone,Moe Diamond Ring,"{""1"":""https://qidsagjjizqvkbnuwbdm.supabase.co/storage/v1/object/public/product-media-storage/side_stone/Moe%20Diamond%20Ring%20Top?"",""2"":""https://qidsagjjizqvkbnuwbdm.supabase.co/storage/v1/object/public/product-media-storage/side_stone/Moe%20Diamond%20Ring%20Side1?"",""3"":""https://qidsagjjizqvkbnuwbdm.supabase.co/storage/v1/object/public/product-media-storage/side_stone/Moe%20Diamond%20Ring%20Side2?""}",https://qidsagjjizqvkbnuwbdm.supabase.co/storage/v1/object/public/product-media-storage/videos/Moe%20Diamond%20Ring?,"{""img"":""#FAFAFA"",""video"":""#EEF1EE""}",Emerald
49,side_stone,Pretty Versailles Diamond Ring,"{""1"":""https://qidsagjjizqvkbnuwbdm.supabase.co/storage/v1/object/public/product-media-storage/side_stone/Pretty%20Versailles%20Diamond%20Ring%20Top?"",""2"":""https://qidsagjjizqvkbnuwbdm.supabase.co/storage/v1/object/public/product-media-storage/side_stone/Pretty%20Versailles%20Diamond%20Ring%20Side1?"",""3"":""https://qidsagjjizqvkbnuwbdm.supabase.co/storage/v1/object/public/product-media-storage/side_stone/Pretty%20Versailles%20Diamond%20Ring%20Side2?""}",https://qidsagjjizqvkbnuwbdm.supabase.co/storage/v1/object/public/product-media-storage/videos/Pretty%20Versailles%20Diamond%20Ring?,"{""img"":""#F9F9F9"",""video"":""#F6F9F6""}",Oval
50,side_stone,Tri Split Shank Diamond Ring,"{""1"":""https://qidsagjjizqvkbnuwbdm.supabase.co/storage/v1/object/public/product-media-storage/side_stone/Tri%20Split%20Shank%20Diamond%20Ring%20Top?"",""2"":""https://qidsagjjizqvkbnuwbdm.supabase.co/storage/v1/object/public/product-media-storage/side_stone/Tri%20Split%20Shank%20Diamond%20Ring%20Side1?"",""3"":""https://qidsagjjizqvkbnuwbdm.supabase.co/storage/v1/object/public/product-media-storage/side_stone/Tri%20Split%20Shank%20Diamond%20Ring%20Side2?""}",https://qidsagjjizqvkbnuwbdm.supabase.co/storage/v1/object/public/product-media-storage/videos/Tri%20Split%20Shank%20Diamond%20Ring?,"{""img"":""#FAFAFA"",""video"":""#F6F9F6""}",Round
51,side_stone,Temi Diamond Engagement Ring,"{""1"":""https://qidsagjjizqvkbnuwbdm.supabase.co/storage/v1/object/public/product-media-storage/side_stone/Temi_Diamond_Engagement_Ring_Top.webp"",""2"":""https://qidsagjjizqvkbnuwbdm.supabase.co/storage/v1/object/public/product-media-storage/side_stone/Temi_Diamond_Engagement_Ring_Side1.webp"",""3"":""https://qidsagjjizqvkbnuwbdm.supabase.co/storage/v1/object/public/product-media-storage/side_stone/Temi_Diamond_Engagement_Ring_Side2.webp""}",https://qidsagjjizqvkbnuwbdm.supabase.co/storage/v1/object/public/product-media-storage/videos/Temi%20Diamond%20Engagement%20Ring?,"{""img"":""#F9FAF9"",""video"":""#FDFEFD""}",Pear
52,bridal_set,Camellia Diamond Ring with Alena Diamond Ring,"{""1"":""https://qidsagjjizqvkbnuwbdm.supabase.co/storage/v1/object/public/product-media-storage/bridal_set/Camellia%20Diamond%20Ring%20with%20Alena%20Diamond%20Ring%20Top?"",""2"":""https://qidsagjjizqvkbnuwbdm.supabase.co/storage/v1/object/public/product-media-storage/bridal_set/Camellia%20Diamond%20Ring%20with%20Alena%20Diamond%20Ring%20Side1?"",""3"":""https://qidsagjjizqvkbnuwbdm.supabase.co/storage/v1/object/public/product-media-storage/bridal_set/Camellia%20Diamond%20Ring%20with%20Alena%20Diamond%20Ring%20Side2?"",""4"":""https://qidsagjjizqvkbnuwbdm.supabase.co/storage/v1/object/public/product-media-storage/bridal_set/Camellia%20Diamond%20Ring%20with%20Alena%20Diamond%20Ring%20Side3?""}",,"{""img"":""#FFFFFF"",""video"":""""}",Round
53,bridal_set,Aimee Diamond Bridal Set Ring,"{""1"":""https://qidsagjjizqvkbnuwbdm.supabase.co/storage/v1/object/public/product-media-storage/bridal_set/Aimee%20Diamond%20Bridal%20Set%20Ring%20Top?"",""2"":""https://qidsagjjizqvkbnuwbdm.supabase.co/storage/v1/object/public/product-media-storage/bridal_set/Aimee%20Diamond%20Bridal%20Set%20Ring%20Side1?"",""3"":""https://qidsagjjizqvkbnuwbdm.supabase.co/storage/v1/object/public/product-media-storage/bridal_set/Aimee%20Diamond%20Bridal%20Set%20Ring%20Side2?"",""4"":""https://qidsagjjizqvkbnuwbdm.supabase.co/storage/v1/object/public/product-media-storage/bridal_set/Aimee%20Diamond%20Bridal%20Set%20Ring%20Side3?""}",,"{""img"":""#FFFFFF"",""video"":""""}",Round
54,bridal_set,Dominique Diamond Bridal Set,"{""1"":""https://qidsagjjizqvkbnuwbdm.supabase.co/storage/v1/object/public/product-media-storage/bridal_set/Dominique%20Diamond%20Bridal%20Set%20Top?"",""2"":""https://qidsagjjizqvkbnuwbdm.supabase.co/storage/v1/object/public/product-media-storage/bridal_set/Dominique%20Diamond%20Bridal%20Set%20Side1?"",""3"":""https://qidsagjjizqvkbnuwbdm.supabase.co/storage/v1/object/public/product-media-storage/bridal_set/Dominique%20Diamond%20Bridal%20Set%20Side2?"",""4"":""https://qidsagjjizqvkbnuwbdm.supabase.co/storage/v1/object/public/product-media-storage/bridal_set/Dominique%20Diamond%20Bridal%20Set%20Side3?""}",,"{""img"":""#FFFFFF"",""video"":""""}",Emerald
55,bridal_set,Luxe Shared Prong Diamond Ring with Petite Shared Prong Diamond Ring,"{""1"":""https://qidsagjjizqvkbnuwbdm.supabase.co/storage/v1/object/public/product-media-storage/bridal_set/Luxe%20Shared%20Prong%20Diamond%20Ring%20with%20Petite%20Shared%20Prong%20Diamond%20Ring%20Top?"",""2"":""https://qidsagjjizqvkbnuwbdm.supabase.co/storage/v1/object/public/product-media-storage/bridal_set/Luxe%20Shared%20Prong%20Diamond%20Ring%20with%20Petite%20Shared%20Prong%20Diamond%20Ring%20Side1?"",""3"":""https://qidsagjjizqvkbnuwbdm.supabase.co/storage/v1/object/public/product-media-storage/bridal_set/Luxe%20Shared%20Prong%20Diamond%20Ring%20with%20Petite%20Shared%20Prong%20Diamond%20Ring%20Side2?"",""4"":""https://qidsagjjizqvkbnuwbdm.supabase.co/storage/v1/object/public/product-media-storage/bridal_set/Luxe%20Shared%20Prong%20Diamond%20Ring%20with%20Petite%20Shared%20Prong%20Diamond%20Ring%20Side3?""}",,"{""img"":""#FFFFFF"",""video"":""""}",Round
56,bridal_set,Petite Elodie Ring with Luxe Ballad Diamond Ring,"{""1"":""https://qidsagjjizqvkbnuwbdm.supabase.co/storage/v1/object/public/product-media-storage/bridal_set/Petite%20Elodie%20Ring%20with%20Luxe%20Ballad%20Diamond%20Ring%20Top?"",""2"":""https://qidsagjjizqvkbnuwbdm.supabase.co/storage/v1/object/public/product-media-storage/bridal_set/Petite%20Elodie%20Ring%20with%20Luxe%20Ballad%20Diamond%20Ring%20Side1?""}",,"{""img"":""#FFFFFF"",""video"":""""}",Round
57,bridal_set,Petite Twisted Vine Diamond Bridal Set,"{""1"":""https://qidsagjjizqvkbnuwbdm.supabase.co/storage/v1/object/public/product-media-storage/bridal_set/Petite%20Twisted%20Vine%20Diamond%20Bridal%20Set%20Top?"",""2"":""https://qidsagjjizqvkbnuwbdm.supabase.co/storage/v1/object/public/product-media-storage/bridal_set/Petite%20Twisted%20Vine%20Diamond%20Bridal%20Set%20Side1?"",""3"":""https://qidsagjjizqvkbnuwbdm.supabase.co/storage/v1/object/public/product-media-storage/bridal_set/Petite%20Twisted%20Vine%20Diamond%20Bridal%20Set%20Side2?"",""4"":""https://qidsagjjizqvkbnuwbdm.supabase.co/storage/v1/object/public/product-media-storage/bridal_set/Petite%20Twisted%20Vine%20Diamond%20Bridal%20Set%20Side3?""}",,"{""img"":""#FFFFFF"",""video"":""""}",Round
58,bridal_set,Selene Diamond Ring with Petite Curved Diamond Ring,"{""1"":""https://qidsagjjizqvkbnuwbdm.supabase.co/storage/v1/object/public/product-media-storage/bridal_set/Selene%20Diamond%20Ring%20with%20Petite%20Curved%20Diamond%20Ring%20Top?"",""2"":""https://qidsagjjizqvkbnuwbdm.supabase.co/storage/v1/object/public/product-media-storage/bridal_set/Selene%20Diamond%20Ring%20with%20Petite%20Curved%20Diamond%20Ring%20Side1?"",""3"":""https://qidsagjjizqvkbnuwbdm.supabase.co/storage/v1/object/public/product-media-storage/bridal_set/Selene%20Diamond%20Ring%20with%20Petite%20Curved%20Diamond%20Ring%20Side2?"",""4"":""https://qidsagjjizqvkbnuwbdm.supabase.co/storage/v1/object/public/product-media-storage/bridal_set/Selene%20Diamond%20Ring%20with%20Petite%20Curved%20Diamond%20Ring%20Side3?""}",,"{""img"":""#FFFFFF"",""video"":""""}",Round
59,women_eternity_bands,Aria ternity Diamond Ring,"{""1"":""https://qidsagjjizqvkbnuwbdm.supabase.co/storage/v1/object/public/product-media-storage/eternity/Aria%20ternity%20Diamond%20Ring%20Side1"",""2"":""https://qidsagjjizqvkbnuwbdm.supabase.co/storage/v1/object/public/product-media-storage/eternity/Aria%20Eternity%20Diamond%20Ring%20Top""}",https://qidsagjjizqvkbnuwbdm.supabase.co/storage/v1/object/public/product-media-storage/videos/Aria%20Eternity%20Diamond%20Ring?,"{""img"":""#FAFAFA"",""video"":""#F6F9F6""}",Round
60,women_eternity_bands,Elisha Emerald Cut and Round Eternity Lab Diamond Ring,"{""1"":""https://qidsagjjizqvkbnuwbdm.supabase.co/storage/v1/object/public/product-media-storage/eternity/Elisha%20Emerald%20Cut%20and%20Round%20Eternity%20Lab%20Diamond%20Ring%20Top?"",""2"":""https://qidsagjjizqvkbnuwbdm.supabase.co/storage/v1/object/public/product-media-storage/eternity/Elisha%20Emerald%20Cut%20and%20Round%20Eternity%20Lab%20Diamond%20Ring%20Side1?""}",https://qidsagjjizqvkbnuwbdm.supabase.co/storage/v1/object/public/product-media-storage/videos/Elisha%20Emerald%20Cut%20and%20Round%20Eternity%20Lab%20Diamond%20Ring?,"{""img"":""#F9F9F9"",""video"":""#F6F9F6""}",Emerald
61,women_eternity_bands,Eternity Lab Emerald and Diamond Ring,"{""1"":""https://qidsagjjizqvkbnuwbdm.supabase.co/storage/v1/object/public/product-media-storage/eternity/Eternity%20Lab%20Emerald%20and%20Diamond%20Ring%20Top?"",""2"":""https://qidsagjjizqvkbnuwbdm.supabase.co/storage/v1/object/public/product-media-storage/eternity/Eternity%20Lab%20Emerald%20and%20Diamond%20Ring%20Side1?""}",https://qidsagjjizqvkbnuwbdm.supabase.co/storage/v1/object/public/product-media-storage/videos/Eternity%20Lab%20Emerald%20and%20Diamond%20Ring?,"{""img"":""#FAFAFA"",""video"":""#F6F9F6""}",Emerald
62,women_eternity_bands,Katy Baguette Eternity Lab Diamond Ring,"{""1"":""https://qidsagjjizqvkbnuwbdm.supabase.co/storage/v1/object/public/product-media-storage/eternity/Katy%20Baguette%20Eternity%20Lab%20Diamond%20Ring%20Top?"",""2"":""https://qidsagjjizqvkbnuwbdm.supabase.co/storage/v1/object/public/product-media-storage/eternity/Katy%20Baguette%20Eternity%20Lab%20Diamond%20Ring%20Side1?""}",https://qidsagjjizqvkbnuwbdm.supabase.co/storage/v1/object/public/product-media-storage/videos/Katy%20Baguette%20Eternity%20Lab%20Diamond%20Ring?,"{""img"":""#F9F9F9"",""video"":""#F5F8F5""}",All
63,women_eternity_bands,North Emerald Cut Eternity Lab Diamond Ring,"{""1"":""https://qidsagjjizqvkbnuwbdm.supabase.co/storage/v1/object/public/product-media-storage/eternity/North%20Emerald%20Cut%20Eternity%20Lab%20Diamond%20Ring%20Top?"",""2"":""https://qidsagjjizqvkbnuwbdm.supabase.co/storage/v1/object/public/product-media-storage/eternity/North%20Emerald%20Cut%20Eternity%20Lab%20Diamond%20Ring%20Side1?""}",https://qidsagjjizqvkbnuwbdm.supabase.co/storage/v1/object/public/product-media-storage/videos/North%20Emerald%20Cut%20Eternity%20Lab%20Diamond%20Ring?,"{""img"":""#F9F9F9"",""video"":""#F5F8F5""}",Emerald
64,women_eternity_bands,Oval Eternity Lab Diamond Ring,"{""1"":""https://qidsagjjizqvkbnuwbdm.supabase.co/storage/v1/object/public/product-media-storage/eternity/Oval%20Eternity%20Lab%20Diamond%20Ring%20Top?"",""2"":""https://qidsagjjizqvkbnuwbdm.supabase.co/storage/v1/object/public/product-media-storage/eternity/Oval%20Eternity%20Lab%20Diamond%20Ring%20Side1?""}",https://qidsagjjizqvkbnuwbdm.supabase.co/storage/v1/object/public/product-media-storage/videos/Oval%20Eternity%20Lab%20Diamond%20Ring?,"{""img"":""#FAFAFA"",""video"":""#F6F9F6""}",Oval
65,women_eternity_bands,Tacori Dona Eternity Diamond Ring,"{""1"":""https://qidsagjjizqvkbnuwbdm.supabase.co/storage/v1/object/public/product-media-storage/eternity/Tacori%20Dona%20Eternity%20Diamond%20Ring%20Top?"",""2"":""https://qidsagjjizqvkbnuwbdm.supabase.co/storage/v1/object/public/product-media-storage/eternity/Tacori%20Dona%20Eternity%20Diamond%20Ring%20Side1?""}",https://qidsagjjizqvkbnuwbdm.supabase.co/storage/v1/object/public/product-media-storage/videos/Tacori%20Dona%20Eternity%20Diamond%20Ring?,"{""img"":""#F9F9F9"",""video"":""#F6F9F6""}",Round
66,women_wedding_bands,Curved T Diamond Ring,"{""1"":""https://qidsagjjizqvkbnuwbdm.supabase.co/storage/v1/object/public/product-media-storage/wedding_woman_band/Curved%20T%20Diamond%20Ring%20Top?"",""2"":""https://qidsagjjizqvkbnuwbdm.supabase.co/storage/v1/object/public/product-media-storage/wedding_woman_band/Curved%20T%20Diamond%20Ring%20Side1?""}",https://qidsagjjizqvkbnuwbdm.supabase.co/storage/v1/object/public/product-media-storage/videos/Curved%20T%20Diamond%20Ring?,"{""img"":""#FAFAFA"",""video"":""#F6F9F6""}",Round
67,women_wedding_bands,Diana Diamond Ring,"{""1"":""https://qidsagjjizqvkbnuwbdm.supabase.co/storage/v1/object/public/product-media-storage/wedding_woman_band/Diana%20Diamond%20Ring%20Top"",""2"":""https://qidsagjjizqvkbnuwbdm.supabase.co/storage/v1/object/public/product-media-storage/wedding_woman_band/Diana%20Diamond%20Ring%20Side1""}",https://qidsagjjizqvkbnuwbdm.supabase.co/storage/v1/object/public/product-media-storage/videos/Diana%20Diamond%20Ring?t=2024-06-03T10%3A15%3A52.758Z,"{""img"":""#FAFAFA"",""video"":""#F6F9F6""}",Maruise
68,women_wedding_bands,Giaa Baguette Diamond Ring,"{""1"":""https://qidsagjjizqvkbnuwbdm.supabase.co/storage/v1/object/public/product-media-storage/wedding_woman_band/Giaa%20Baguette%20Diamond%20Ring%20Top"",""2"":""https://qidsagjjizqvkbnuwbdm.supabase.co/storage/v1/object/public/product-media-storage/wedding_woman_band/Giaa%20Baguette%20Diamond%20Ring%20Side1""}",https://qidsagjjizqvkbnuwbdm.supabase.co/storage/v1/object/public/product-media-storage/videos/Giaa%20Baguette%20Diamond%20Ring?,"{""img"":""#FAFAFA"",""video"":""#F6F9F6""}",Emerald
69,women_wedding_bands,Leena Sienna Diamond Open Ring,"{""1"":""https://qidsagjjizqvkbnuwbdm.supabase.co/storage/v1/object/public/product-media-storage/wedding_woman_band/Leena%20Sienna%20Diamond%20Open%20Ring%20Top"",""2"":""https://qidsagjjizqvkbnuwbdm.supabase.co/storage/v1/object/public/product-media-storage/wedding_woman_band/Leena%20Sienna%20Diamond%20Open%20Ring%20Side1""}",https://qidsagjjizqvkbnuwbdm.supabase.co/storage/v1/object/public/product-media-storage/videos/Leena%20Sienna%20Diamond%20Open%20Ring?,"{""img"":""#F9F9F9"",""video"":""#F6F9F6""}",Round
70,women_wedding_bands,Louis Set Baguette Diamond Ring,"{""1"":""https://qidsagjjizqvkbnuwbdm.supabase.co/storage/v1/object/public/product-media-storage/wedding_woman_band/Louis%20Set%20Baguette%20Diamond%20Ring%20Top?"",""2"":""https://qidsagjjizqvkbnuwbdm.supabase.co/storage/v1/object/public/product-media-storage/wedding_woman_band/Louis%20Set%20Baguette%20Diamond%20Ring%20Side1?""}",https://qidsagjjizqvkbnuwbdm.supabase.co/storage/v1/object/public/product-media-storage/videos/Louis%20Set%20Baguette%20Diamond%20Ring?,"{""img"":""#FAFAFA"",""video"":""#F6F9F6""}",All
71,women_wedding_bands,Luxer Diamond Ring,"{""1"":""https://qidsagjjizqvkbnuwbdm.supabase.co/storage/v1/object/public/product-media-storage/wedding_woman_band/Luxer%20Diamond%20Ring%20Top?"",""2"":""https://qidsagjjizqvkbnuwbdm.supabase.co/storage/v1/object/public/product-media-storage/wedding_woman_band/Luxer%20Diamond%20Ring%20Side1?""}",https://qidsagjjizqvkbnuwbdm.supabase.co/storage/v1/object/public/product-media-storage/videos/Luxer%20Diamond%20Ring?,"{""img"":""#FAFAFA"",""video"":""#F6F9F6""}",Round
72,women_wedding_bands,Nastra Diamond Ring,"{""1"":""https://qidsagjjizqvkbnuwbdm.supabase.co/storage/v1/object/public/product-media-storage/wedding_woman_band/Nastra%20Diamond%20Ring%20Top"",""2"":""https://qidsagjjizqvkbnuwbdm.supabase.co/storage/v1/object/public/product-media-storage/wedding_woman_band/Nastra%20Diamond%20Ring%20Side1""}",https://qidsagjjizqvkbnuwbdm.supabase.co/storage/v1/object/public/product-media-storage/videos/Nastra%20Diamond%20Ring?,"{""img"":""#FAFAFA"",""video"":""#F6F9F6""}",Round
73,women_wedding_bands,Odessa Diamond Ring,"{""1"":""https://qidsagjjizqvkbnuwbdm.supabase.co/storage/v1/object/public/product-media-storage/wedding_woman_band/Odessa%20Diamond%20Ring%20Top?"",""2"":""https://qidsagjjizqvkbnuwbdm.supabase.co/storage/v1/object/public/product-media-storage/wedding_woman_band/Odessa%20Diamond%20Ring%20Side1?""}",https://qidsagjjizqvkbnuwbdm.supabase.co/storage/v1/object/public/product-media-storage/videos/Odessa%20Diamond%20Ring?,"{""img"":""#FAFAFA"",""video"":""#F6F9F6""}",Round
74,women_wedding_bands,Olive Emerald and Diamond Ring,"{""1"":""https://qidsagjjizqvkbnuwbdm.supabase.co/storage/v1/object/public/product-media-storage/wedding_woman_band/Olive%20Emerald%20and%20Diamond%20Ring%20Top"",""2"":""https://qidsagjjizqvkbnuwbdm.supabase.co/storage/v1/object/public/product-media-storage/wedding_woman_band/Olive%20Emerald%20and%20Diamond%20Ring%20Side1""}",https://qidsagjjizqvkbnuwbdm.supabase.co/storage/v1/object/public/product-media-storage/videos/Olive%20Emerald%20and%20Diamond%20Ring?,"{""img"":""#F9F9F9"",""video"":""#FCFFFC""}",Pear
75,women_wedding_bands,Round Seven Star Diamond Ring,"{""1"":""https://qidsagjjizqvkbnuwbdm.supabase.co/storage/v1/object/public/product-media-storage/wedding_woman_band/Round%20Seven%20Star%20Diamond%20Ring%20Top?"",""2"":""https://qidsagjjizqvkbnuwbdm.supabase.co/storage/v1/object/public/product-media-storage/wedding_woman_band/Round%20Seven%20Star%20Diamond%20Ring%20Side1?""}",https://qidsagjjizqvkbnuwbdm.supabase.co/storage/v1/object/public/product-media-storage/videos/Round%20Seven%20Star%20Diamond%20Ring?,"{""img"":""#F9F9F9"",""video"":""#F6F9F6""}",Round
76,women_wedding_bands,Twisted Vine Contoured Diamond Ring,"{""1"":""https://qidsagjjizqvkbnuwbdm.supabase.co/storage/v1/object/public/product-media-storage/wedding_woman_band/Twisted%20Vine%20Contoured%20Diamond%20Ring%20Top"",""2"":""https://qidsagjjizqvkbnuwbdm.supabase.co/storage/v1/object/public/product-media-storage/wedding_woman_band/Twisted%20Vine%20Contoured%20Diamond%20Ring%20Side1""}",https://qidsagjjizqvkbnuwbdm.supabase.co/storage/v1/object/public/product-media-storage/videos/Twisted%20Vine%20Contoured%20Diamond%20Ring?,"{""img"":""#FAFAFA"",""video"":""#F6F9F6""}",Round
77,men_wedding_bands,Bold Edge Matte Eternity Lab Diamond 6mm Ring,"{""1"":""https://qidsagjjizqvkbnuwbdm.supabase.co/storage/v1/object/public/product-media-storage/men_wedding_bands/Bold%20Edge%20Matte%20Eternity%20Lab%20Diamond%206mm%20Ring%20%20Top?"",""2"":""https://qidsagjjizqvkbnuwbdm.supabase.co/storage/v1/object/public/product-media-storage/men_wedding_bands/Bold%20Edge%20Matte%20Eternity%20Lab%20Diamond%206mm%20Ring%20%20Side1?""}",https://qidsagjjizqvkbnuwbdm.supabase.co/storage/v1/object/public/product-media-storage/videos/Bold%20Edge%20Matte%20Eternity%20Lab%20Diamond%206mm%20Ring?,"{""img"":""#FAFAFA"",""video"":""#F6F7F6""}",Round
78,men_wedding_bands,Dallas Eternity Diamond 5.5mm Wedding Ring,"{""1"":""https://qidsagjjizqvkbnuwbdm.supabase.co/storage/v1/object/public/product-media-storage/men_wedding_bands/Dallas%20Eternity%20Diamond%205.5mm%20Wedding%20Ring%20%20Top"",""2"":""https://qidsagjjizqvkbnuwbdm.supabase.co/storage/v1/object/public/product-media-storage/men_wedding_bands/Dallas%20Eternity%20Diamond%205.5mm%20Wedding%20Ring%20%20Side1""}",https://qidsagjjizqvkbnuwbdm.supabase.co/storage/v1/object/public/product-media-storage/videos/Dallas%20Eternity%20Diamond%205.5mm%20Wedding%20Ring,"{""img"":""#FAFAFA"",""video"":""#F5F8F5""}",Round
79,men_wedding_bands,Delux Diamond 4.5mm Wedding Ring,"{""1"":""https://qidsagjjizqvkbnuwbdm.supabase.co/storage/v1/object/public/product-media-storage/men_wedding_bands/Delux%20Diamond%204.5mm%20Wedding%20Ring%20Top?"",""2"":""https://qidsagjjizqvkbnuwbdm.supabase.co/storage/v1/object/public/product-media-storage/men_wedding_bands/Delux%20Diamond%204.5mm%20Wedding%20Ring%20Side1?""}",https://qidsagjjizqvkbnuwbdm.supabase.co/storage/v1/object/public/product-media-storage/videos/Delux%20Diamond%204.5mm%20Wedding%20Ring,"{""img"":""#FAFAFA"",""video"":""#F6F7F6""}",All
80,men_wedding_bands,Kyle Diamond 5.5mm Wedding Ring,"{""1"":""https://qidsagjjizqvkbnuwbdm.supabase.co/storage/v1/object/public/product-media-storage/men_wedding_bands/Kyle%20Diamond%205.5mm%20Wedding%20Ring%20Top?"",""2"":""https://qidsagjjizqvkbnuwbdm.supabase.co/storage/v1/object/public/product-media-storage/men_wedding_bands/Kyle%20Diamond%205.5mm%20Wedding%20Ring%20Side1?""}",https://qidsagjjizqvkbnuwbdm.supabase.co/storage/v1/object/public/product-media-storage/videos/Kyle%20Diamond%205.5mm%20Wedding%20Ring,"{""img"":""#FAFAFA"",""video"":""#F7F8F7""}",Round
81,men_wedding_bands,Monte Carlo Eternity Diamond 4.5mm Wedding Ring,"{""1"":""https://qidsagjjizqvkbnuwbdm.supabase.co/storage/v1/object/public/product-media-storage/men_wedding_bands/Monte%20Carlo%20Eternity%20Diamond%204.5mm%20Wedding%20Ring%20Top?"",""2"":""https://qidsagjjizqvkbnuwbdm.supabase.co/storage/v1/object/public/product-media-storage/men_wedding_bands/Monte%20Carlo%20Eternity%20Diamond%204.5mm%20Wedding%20Ring%20Side1?""}",https://qidsagjjizqvkbnuwbdm.supabase.co/storage/v1/object/public/product-media-storage/videos/Monte%20Carlo%20Eternity%20Diamond%204.5mm%20Wedding%20Ring?,"{""img"":""#FAFAFA"",""video"":""#F6F7F6""}",Emerald
82,men_wedding_bands,Nick Matte Set Lab Diamond 5.5mm Wedding Ring,"{""1"":""https://qidsagjjizqvkbnuwbdm.supabase.co/storage/v1/object/public/product-media-storage/men_wedding_bands/Nick%20Matte%20Set%20Lab%20Diamond%205.5mm%20Wedding%20Ring%20Top?"",""2"":""https://qidsagjjizqvkbnuwbdm.supabase.co/storage/v1/object/public/product-media-storage/men_wedding_bands/Nick%20Matte%20Set%20Lab%20Diamond%205.5mm%20Wedding%20Ring%20Side1?""}",https://qidsagjjizqvkbnuwbdm.supabase.co/storage/v1/object/public/product-media-storage/videos/Nick%20Matte%20Set%20Lab%20Diamond%205.5mm%20Wedding%20Ring?,"{""img"":""#FAFAFA"",""video"":""#F6F7F6""}",Round
83,men_wedding_bands,North Dakota 6.5mm Diamond Wedding Ring,"{""1"":""https://qidsagjjizqvkbnuwbdm.supabase.co/storage/v1/object/public/product-media-storage/men_wedding_bands/North%20Dakota%206.5mm%20Diamond%20Wedding%20Ring%20%20Top"",""2"":""https://qidsagjjizqvkbnuwbdm.supabase.co/storage/v1/object/public/product-media-storage/men_wedding_bands/North%20Dakota%206.5mm%20Diamond%20Wedding%20Ring%20%20Side1""}",https://qidsagjjizqvkbnuwbdm.supabase.co/storage/v1/object/public/product-media-storage/videos/North%20Dakota%206.5mm%20Diamond%20Wedding%20Ring?,"{""img"":""#FAFAFA"",""video"":""#FCFFFC""}",Round
84,men_wedding_bands,Round Set Lab Diamond 5.5mm Matte Wedding Ring,"{""1"":""https://qidsagjjizqvkbnuwbdm.supabase.co/storage/v1/object/public/product-media-storage/men_wedding_bands/Round%20Set%20Lab%20Diamond%205.5mm%20Matte%20Wedding%20Ring%20Top?"",""2"":""https://qidsagjjizqvkbnuwbdm.supabase.co/storage/v1/object/public/product-media-storage/men_wedding_bands/Round%20Set%20Lab%20Diamond%205.5mm%20Matte%20Wedding%20Ring%20Side1?""}",https://qidsagjjizqvkbnuwbdm.supabase.co/storage/v1/object/public/product-media-storage/videos/Round%20Set%20Lab%20Diamond%205.5mm%20Matte%20Wedding%20Ring,"{""img"":""#FAFAFA"",""video"":""#F6F7F6""}",Round
85,men_wedding_bands,Siaara Style Diamond 4mm Wedding Ring,"{""1"":""https://qidsagjjizqvkbnuwbdm.supabase.co/storage/v1/object/public/product-media-storage/men_wedding_bands/Siaara%20Style%20Diamond%204mm%20Wedding%20Ring%20Top?"",""2"":""https://qidsagjjizqvkbnuwbdm.supabase.co/storage/v1/object/public/product-media-storage/men_wedding_bands/Siaara%20Style%20Diamond%204mm%20Wedding%20Ring%20Side1?""}",https://qidsagjjizqvkbnuwbdm.supabase.co/storage/v1/object/public/product-media-storage/videos/Siaara%20Style%20Diamond%204mm%20Wedding%20Ring,"{""img"":""#FAFAFA"",""video"":""#F7F8F7""}",Round
86,men_wedding_bands,Star Eternity Diamond 6mm Wedding Ring,"{""1"":""https://qidsagjjizqvkbnuwbdm.supabase.co/storage/v1/object/public/product-media-storage/men_wedding_bands/Star%20Eternity%20Diamond%206mm%20Wedding%20Ring%20Top?"",""2"":""https://qidsagjjizqvkbnuwbdm.supabase.co/storage/v1/object/public/product-media-storage/men_wedding_bands/Star%20Eternity%20Diamond%206mm%20Wedding%20Ring%20Side1?""}",https://qidsagjjizqvkbnuwbdm.supabase.co/storage/v1/object/public/product-media-storage/videos/Star%20Eternity%20Diamond%206mm%20Wedding%20Ring,"{""img"":""#FAFAFA"",""video"":""#F5F8F5""}",Round
87,men_wedding_bands,Venza Diamond 4mm Wedding Ring,"{""1"":""https://qidsagjjizqvkbnuwbdm.supabase.co/storage/v1/object/public/product-media-storage/men_wedding_bands/Venza%20Diamond%204mm%20Wedding%20Ring%20Top?"",""2"":""https://qidsagjjizqvkbnuwbdm.supabase.co/storage/v1/object/public/product-media-storage/men_wedding_bands/Venza%20Diamond%204mm%20Wedding%20Ring%20Side1?""}",https://qidsagjjizqvkbnuwbdm.supabase.co/storage/v1/object/public/product-media-storage/videos/Venza%20Diamond%204mm%20Wedding%20Ring?,"{""img"":""#FAFAFA"",""video"":""#F7F8F7""}",Round
88,gleam_collection,All Star Bezel Tennis Necklace,"{""1"":""https://qidsagjjizqvkbnuwbdm.supabase.co/storage/v1/object/public/product-media-storage/gleam_collection/All%20Star%20Bezel%20Tennis%20Necklace%20front?"",""2"":""https://qidsagjjizqvkbnuwbdm.supabase.co/storage/v1/object/public/product-media-storage/gleam_collection/All%20Star%20Bezel%20Tennis%20Necklace%20three-quarter?""}",,"{""img"":""#F7F7F7"",""video"":""""}",Emerald
89,gleam_collection,All Star Tennis Necklace,"{""1"":""https://qidsagjjizqvkbnuwbdm.supabase.co/storage/v1/object/public/product-media-storage/gleam_collection/All%20Star%20Tennis%20Necklace%20front?"",""2"":""https://qidsagjjizqvkbnuwbdm.supabase.co/storage/v1/object/public/product-media-storage/gleam_collection/All%20Star%20Tennis%20Necklace%20three-quarter?""}",,"{""img"":""#F7F7F7"",""video"":""""}",Maruise
90,gleam_collection,Crystal Dual Strand Tennis Necklace,"{""1"":""https://qidsagjjizqvkbnuwbdm.supabase.co/storage/v1/object/public/product-media-storage/gleam_collection/Crystal%20Dual%20Strand%20Tennis%20Necklace%20front?"",""2"":""https://qidsagjjizqvkbnuwbdm.supabase.co/storage/v1/object/public/product-media-storage/gleam_collection/Crystal%20Dual%20Strand%20Tennis%20Necklace%20three-quarter?""}",,"{""img"":""#F7F7F7"",""video"":""""}",Emerald
91,gleam_collection,Ira Linked Tennis Necklace,"{""1"":""https://qidsagjjizqvkbnuwbdm.supabase.co/storage/v1/object/public/product-media-storage/gleam_collection/Ira%20%20Linked%20Tennis%20Necklace%20front"",""2"":""https://qidsagjjizqvkbnuwbdm.supabase.co/storage/v1/object/public/product-media-storage/gleam_collection/Ira%20%20Linked%20Tennis%20Necklace%20three-quarter""}",,"{""img"":""#F7F7F7"",""video"":""""}",Round
92,gleam_collection,Lighting Choker,"{""1"":""https://qidsagjjizqvkbnuwbdm.supabase.co/storage/v1/object/public/product-media-storage/gleam_collection/Lighting%20Choker%20front?"",""2"":""https://qidsagjjizqvkbnuwbdm.supabase.co/storage/v1/object/public/product-media-storage/gleam_collection/Lighting%20Choker%20three-quarter?""}",,"{""img"":""#F7F7F7"",""video"":""""}",Princess 
93,gleam_collection,Tennis Necklace,"{""1"":""https://qidsagjjizqvkbnuwbdm.supabase.co/storage/v1/object/public/product-media-storage/gleam_collection/Tennis%20Necklace%20front?"",""2"":""https://qidsagjjizqvkbnuwbdm.supabase.co/storage/v1/object/public/product-media-storage/gleam_collection/Tennis%20Necklace%20three-quarter?""}",,"{""img"":""#F7F7F7"",""video"":""""}",Round
94,gleam_collection,Blue Sapphire and Diamond Bracelet,"{""1"":""https://qidsagjjizqvkbnuwbdm.supabase.co/storage/v1/object/public/product-media-storage/gleam_collection/Blue%20Sapphire%20and%20Diamond%20Bracelet%20Top?"",""2"":""https://qidsagjjizqvkbnuwbdm.supabase.co/storage/v1/object/public/product-media-storage/gleam_collection/Blue%20Sapphire%20and%20Diamond%20Bracelet%20Side?""}",,"{""img"":""#F9F9F9"",""video"":""""}",Oval
95,gleam_collection,Flour Bouquet Earrings,"{""1"":""https://qidsagjjizqvkbnuwbdm.supabase.co/storage/v1/object/public/product-media-storage/gleam_collection/Flour%20Bouquet%20Earrings%20Top?"",""2"":""https://qidsagjjizqvkbnuwbdm.supabase.co/storage/v1/object/public/product-media-storage/gleam_collection/Flour%20Bouquet%20Earrings%20Side?""}",,"{""img"":""#F9F9F9"",""video"":""""}",Round
96,gleam_collection,Gerorgia Baguette and Round Lab Diamond Tennis Bracelet,"{""1"":""https://qidsagjjizqvkbnuwbdm.supabase.co/storage/v1/object/public/product-media-storage/gleam_collection/Gerorgia%20Baguette%20and%20Round%20Lab%20Diamond%20Tennis%20Bracelet%20Top?"",""2"":""https://qidsagjjizqvkbnuwbdm.supabase.co/storage/v1/object/public/product-media-storage/gleam_collection/Gerorgia%20Baguette%20and%20Round%20Lab%20Diamond%20Tennis%20Bracelet%20Side?""}",,"{""img"":""#F9F9F9"",""video"":""""}",Emerald
97,gleam_collection,Jasmine Bloom Drop,"{""1"":""https://qidsagjjizqvkbnuwbdm.supabase.co/storage/v1/object/public/product-media-storage/gleam_collection/Jasmine%20Bloom%20Drop%20Top?"",""2"":""https://qidsagjjizqvkbnuwbdm.supabase.co/storage/v1/object/public/product-media-storage/gleam_collection/Jasmine%20Bloom%20Drop%20Side?""}",,"{""img"":""#F9F9F9"",""video"":""""}",Pear
98,gleam_collection,Lab Grown Emerald Tennis Bracelet,"{""1"":""https://qidsagjjizqvkbnuwbdm.supabase.co/storage/v1/object/public/product-media-storage/gleam_collection/Lab%20Grown%20Emerald%20Tennis%20Bracelet%20Top?"",""2"":""https://qidsagjjizqvkbnuwbdm.supabase.co/storage/v1/object/public/product-media-storage/gleam_collection/Lab%20Grown%20Emerald%20Tennis%20Bracelet%20Side?""}",,"{""img"":""#F9F9F9"",""video"":""""}",Round
99,gleam_collection,Livid Lab Emerald and Diamond Earrings,"{""1"":""https://qidsagjjizqvkbnuwbdm.supabase.co/storage/v1/object/public/product-media-storage/gleam_collection/Livid%20Lab%20Emerald%20and%20Diamond%20Earrings%20Top?"",""2"":""https://qidsagjjizqvkbnuwbdm.supabase.co/storage/v1/object/public/product-media-storage/gleam_collection/Livid%20Lab%20Emerald%20and%20Diamond%20Earrings%20Side?""}",,"{""img"":""#F9F9F9"",""video"":""""}",Pear
100,gleam_collection,Ovlia Lab Emerald and Diamond Drop Earrings,"{""1"":""https://qidsagjjizqvkbnuwbdm.supabase.co/storage/v1/object/public/product-media-storage/gleam_collection/Ovlia%20%20Lab%20Emerald%20and%20Diamond%20Drop%20Earrings%20Top?"",""2"":""https://qidsagjjizqvkbnuwbdm.supabase.co/storage/v1/object/public/product-media-storage/gleam_collection/Ovlia%20%20Lab%20Emerald%20and%20Diamond%20Drop%20Earrings%20Side?""}",,"{""img"":""#F9F9F9"",""video"":""""}",Pear
101,gleam_collection,Paris Blue Topaz Earrings,"{""1"":""https://qidsagjjizqvkbnuwbdm.supabase.co/storage/v1/object/public/product-media-storage/gleam_collection/Paris%20Blue%20Topaz%20Earrings%20Top?"",""2"":""https://qidsagjjizqvkbnuwbdm.supabase.co/storage/v1/object/public/product-media-storage/gleam_collection/Paris%20Blue%20Topaz%20Earrings%20Side?""}",,"{""img"":""#F9F9F9"",""video"":""""}",Pear
102,gleam_collection,Ruby Red Lab Grown Tennis Bracelet,"{""1"":""https://qidsagjjizqvkbnuwbdm.supabase.co/storage/v1/object/public/product-media-storage/gleam_collection/Ruby%20Red%20Lab%20Grown%20Tennis%20Bracelet%20Top?"",""2"":""https://qidsagjjizqvkbnuwbdm.supabase.co/storage/v1/object/public/product-media-storage/gleam_collection/Ruby%20Red%20Lab%20Grown%20Tennis%20Bracelet%20Side?""}",,"{""img"":""#F9F9F9"",""video"":""""}",Round
103,necklace,Bezel Baguette Solitaire Necklace,"{""1"":""https://qidsagjjizqvkbnuwbdm.supabase.co/storage/v1/object/public/product-media-storage/necklace/Bezel%20Baguette%20Solitaire%20Necklace%20front?"",""2"":""https://qidsagjjizqvkbnuwbdm.supabase.co/storage/v1/object/public/product-media-storage/necklace/Bezel%20Baguette%20Solitaire%20Necklace%20three-quarter?""}",,"{""img"":""#F7F7F7"",""video"":""#F6F7F6""}",Emerald
104,necklace,Bezel Pear Solitaire Necklace,"{""1"":""https://qidsagjjizqvkbnuwbdm.supabase.co/storage/v1/object/public/product-media-storage/necklace/Bezel%20Pear%20Solitaire%20Necklace%20front?"",""2"":""https://qidsagjjizqvkbnuwbdm.supabase.co/storage/v1/object/public/product-media-storage/necklace/Bezel%20Pear%20Solitaire%20Necklace%20three-quarter?""}",,"{""img"":""#F7F7F7"",""video"":""#F6F7F6""}",Pear
105,necklace,Bezel Solitaire Necklace,"{""1"":""https://qidsagjjizqvkbnuwbdm.supabase.co/storage/v1/object/public/product-media-storage/necklace/Bezel%20Solitaire%20Necklace%20front?"",""2"":""https://qidsagjjizqvkbnuwbdm.supabase.co/storage/v1/object/public/product-media-storage/necklace/Bezel%20Solitaire%20Necklace%20three-quarter?""}",,"{""img"":""#F7F7F7"",""video"":""#F6F7F6""}",Round
106,necklace,Gleam Solitaire Necklace,"{""1"":""https://qidsagjjizqvkbnuwbdm.supabase.co/storage/v1/object/public/product-media-storage/necklace/Gleam%20Solitaire%20Necklace%20front?"",""2"":""https://qidsagjjizqvkbnuwbdm.supabase.co/storage/v1/object/public/product-media-storage/necklace/Gleam%20Solitaire%20Necklace%20three-quarter?""}",,"{""img"":""#F7F7F7"",""video"":""#F6F7F6""}",Round
107,necklace,Halo Necklace,"{""1"":""https://qidsagjjizqvkbnuwbdm.supabase.co/storage/v1/object/public/product-media-storage/necklace/Halo%20Necklace%20front?"",""2"":""https://qidsagjjizqvkbnuwbdm.supabase.co/storage/v1/object/public/product-media-storage/necklace/Halo%20Necklace%20three-quarter?""}",,"{""img"":""#F7F7F7"",""video"":""#F6F7F6""}",Round
108,necklace,Lizzare Three Stone Necklace,"{""1"":""https://qidsagjjizqvkbnuwbdm.supabase.co/storage/v1/object/public/product-media-storage/necklace/Lizzare%20Three%20Stone%20Necklace%20front?"",""2"":""https://qidsagjjizqvkbnuwbdm.supabase.co/storage/v1/object/public/product-media-storage/necklace/Lizzare%20Three%20Stone%20Necklace%20three-quarter?""}",,"{""img"":""#F7F7F7"",""video"":""#F6F7F6""}",Emerald
109,necklace,Oval Solitaire Necklace,"{""1"":""https://qidsagjjizqvkbnuwbdm.supabase.co/storage/v1/object/public/product-media-storage/necklace/Oval%20Solitaire%20Necklace%20front?"",""2"":""https://qidsagjjizqvkbnuwbdm.supabase.co/storage/v1/object/public/product-media-storage/necklace/Oval%20Solitaire%20Necklace%20three-quarter?""}",,"{""img"":""#F7F7F7"",""video"":""#F6F7F6""}",Oval
110,necklace,Pear Solitaire Pendant,"{""1"":""https://qidsagjjizqvkbnuwbdm.supabase.co/storage/v1/object/public/product-media-storage/necklace/Pear%20Solitaire%20Pendant%20front?"",""2"":""https://qidsagjjizqvkbnuwbdm.supabase.co/storage/v1/object/public/product-media-storage/necklace/Pear%20Solitaire%20Pendant%20three-quarter?""}",,"{""img"":""#F7F7F7"",""video"":""#F6F7F6""}",Pear
111,necklace,Tennis Necklace,"{""1"":""https://qidsagjjizqvkbnuwbdm.supabase.co/storage/v1/object/public/product-media-storage/necklace/Tennis%20Necklace%20front?"",""2"":""https://qidsagjjizqvkbnuwbdm.supabase.co/storage/v1/object/public/product-media-storage/necklace/Tennis%20Necklace%20three-quarter?""}",,"{""img"":""#F7F7F7"",""video"":""#F6F7F6""}",Round
112,necklace,Trillion Bezel Station Necklace,"{""1"":""https://qidsagjjizqvkbnuwbdm.supabase.co/storage/v1/object/public/product-media-storage/necklace/Trillion%20Bezel%20Station%20Necklace%20front?"",""2"":""https://qidsagjjizqvkbnuwbdm.supabase.co/storage/v1/object/public/product-media-storage/necklace/Trillion%20Bezel%20Station%20Necklace%20three-quarter?""}",,"{""img"":""#F7F7F7"",""video"":""#F6F7F6""}",Pear
113,necklace,Two stone Drop Necklace,"{""1"":""https://qidsagjjizqvkbnuwbdm.supabase.co/storage/v1/object/public/product-media-storage/necklace/Two%20stone%20Drop%20Necklace%20front?"",""2"":""https://qidsagjjizqvkbnuwbdm.supabase.co/storage/v1/object/public/product-media-storage/necklace/Two%20stone%20Drop%20Necklace%20three-quarter?""}",,"{""img"":""#F7F7F7"",""video"":""#F6F7F6""}",Pear
114,earings,Diamond Drop Earrings,"{""1"":""https://qidsagjjizqvkbnuwbdm.supabase.co/storage/v1/object/public/product-media-storage/earings/Diamond%20Drop%20Earrings%20Top?"",""2"":""https://qidsagjjizqvkbnuwbdm.supabase.co/storage/v1/object/public/product-media-storage/earings/Diamond%20Drop%20Earrings%20additional1?""}",,"{""img"":""#F9F9F9"",""video"":""""}",Round
115,earings,Emerald Cut Lab Grown Diamond Halo Stud Earrings,"{""1"":""https://qidsagjjizqvkbnuwbdm.supabase.co/storage/v1/object/public/product-media-storage/earings/Emerald%20Cut%20Lab%20Grown%20Diamond%20Halo%20Stud%20Earrings%20Top?"",""2"":""https://qidsagjjizqvkbnuwbdm.supabase.co/storage/v1/object/public/product-media-storage/earings/Emerald%20Cut%20Lab%20Grown%20Diamond%20Halo%20Stud%20Earrings%20additional1?""}",,"{""img"":""#F9F9F9"",""video"":""""}",Emerald
116,earings,Four-Prong Emerald Diamond Stud Earrings,"{""1"":""https://qidsagjjizqvkbnuwbdm.supabase.co/storage/v1/object/public/product-media-storage/earings/Four-Prong%20Emerald%20Diamond%20Stud%20Earrings%20Top?"",""2"":""https://qidsagjjizqvkbnuwbdm.supabase.co/storage/v1/object/public/product-media-storage/earings/Four-Prong%20Emerald%20Diamond%20Stud%20Earrings%20additional1?""}",,"{""img"":""#F9F9F9"",""video"":""""}",Emerald
117,earings,Four-Prong Oval Diamond Stud Earrings,"{""1"":""https://qidsagjjizqvkbnuwbdm.supabase.co/storage/v1/object/public/product-media-storage/earings/Four-Prong%20Oval%20Diamond%20Stud%20Earrings%20Top?"",""2"":""https://qidsagjjizqvkbnuwbdm.supabase.co/storage/v1/object/public/product-media-storage/earings/Four-Prong%20Oval%20Diamond%20Stud%20Earrings%20additional1?""}",,"{""img"":""#F9F9F9"",""video"":""""}",Oval
118,earings,Four-Prong Round Diamond Stud Earrings,"{""1"":""https://qidsagjjizqvkbnuwbdm.supabase.co/storage/v1/object/public/product-media-storage/earings/Four-Prong%20Round%20Diamond%20Stud%20Earrings%20Top?"",""2"":""https://qidsagjjizqvkbnuwbdm.supabase.co/storage/v1/object/public/product-media-storage/earings/Four-Prong%20Round%20Diamond%20Stud%20Earrings%20additional1?""}",,"{""img"":""#F9F9F9"",""video"":""""}",Round
119,earings,Halo Diamond Earrings,"{""1"":""https://qidsagjjizqvkbnuwbdm.supabase.co/storage/v1/object/public/product-media-storage/earings/Halo%20Diamond%20Earrings%20Top?"",""2"":""https://qidsagjjizqvkbnuwbdm.supabase.co/storage/v1/object/public/product-media-storage/earings/Halo%20Diamond%20Earrings%20additional1?""}",,"{""img"":""#F9F9F9"",""video"":""""}",Round
120,earings,Heart Lab Diamond Stud Earrings,"{""1"":""https://qidsagjjizqvkbnuwbdm.supabase.co/storage/v1/object/public/product-media-storage/earings/Heart%20Lab%20Diamond%20Stud%20Earrings%20Top?"",""2"":""https://qidsagjjizqvkbnuwbdm.supabase.co/storage/v1/object/public/product-media-storage/earings/Heart%20Lab%20Diamond%20Stud%20Earrings%20additional1?""}",,"{""img"":""#F9F9F9"",""video"":""""}",Heart
121,earings,Heart Shaped Lab Diamond Bezel Stud Earrings,"{""1"":""https://qidsagjjizqvkbnuwbdm.supabase.co/storage/v1/object/public/product-media-storage/earings/Heart%20Shaped%20Lab%20Diamond%20Bezel%20Stud%20Earrings%20Top?"",""2"":""https://qidsagjjizqvkbnuwbdm.supabase.co/storage/v1/object/public/product-media-storage/earings/Heart%20Shaped%20Lab%20Diamond%20Bezel%20Stud%20Earrings%20additional1?""}",,"{""img"":""#F9F9F9"",""video"":""""}",Heart
122,earings,Lotus Flower Diamond Earrings,"{""1"":""https://qidsagjjizqvkbnuwbdm.supabase.co/storage/v1/object/public/product-media-storage/earings/Lotus%20Flower%20Diamond%20Earrings%20Top?"",""2"":""https://qidsagjjizqvkbnuwbdm.supabase.co/storage/v1/object/public/product-media-storage/earings/Lotus%20Flower%20Diamond%20Earrings%20additional1?""}",,"{""img"":""#F9F9F9"",""video"":""""}",Round
123,earings,Marquise Lab Diamond Stud Earrings,"{""1"":""https://qidsagjjizqvkbnuwbdm.supabase.co/storage/v1/object/public/product-media-storage/earings/Marquise%20Lab%20Diamond%20Stud%20Earrings%20Top?"",""2"":""https://qidsagjjizqvkbnuwbdm.supabase.co/storage/v1/object/public/product-media-storage/earings/Marquise%20Lab%20Diamond%20Stud%20Earrings%20additional1?""}",,"{""img"":""#F9F9F9"",""video"":""""}",Marquise 
124,earings,Three-Prong Round Diamond Stud Earrings,"{""1"":""https://qidsagjjizqvkbnuwbdm.supabase.co/storage/v1/object/public/product-media-storage/earings/Three-Prong%20%20Round%20Diamond%20Stud%20Earrings%20Top"",""2"":""https://qidsagjjizqvkbnuwbdm.supabase.co/storage/v1/object/public/product-media-storage/earings/Three-Prong%20%20Round%20Diamond%20Stud%20Earrings%20additional1""}",,"{""img"":""#F9F9F9"",""video"":""""}",Round
125,earings,Three-Prong Pear Diamond Stud Earrings,"{""1"":""https://qidsagjjizqvkbnuwbdm.supabase.co/storage/v1/object/public/product-media-storage/earings/Three-Prong%20Pear%20Diamond%20Stud%20Earrings%20Top?"",""2"":""https://qidsagjjizqvkbnuwbdm.supabase.co/storage/v1/object/public/product-media-storage/earings/Three-Prong%20Pear%20Diamond%20Stud%20Earrings%20additional1?""}",,"{""img"":""#F9F9F9"",""video"":""""}",Pear
126,bracelet,Alaska Diamond Eternity Bangle Bracelet,"{""1"":""https://qidsagjjizqvkbnuwbdm.supabase.co/storage/v1/object/public/product-media-storage/bracelet/Alaska%20Diamond%20Eternity%20Bangle%20Bracelet%20Top?"",""2"":""https://qidsagjjizqvkbnuwbdm.supabase.co/storage/v1/object/public/product-media-storage/bracelet/Alaska%20Diamond%20Eternity%20Bangle%20Bracelet%20additional1?""}",,"{""img"":""#F9F9F9"",""video"":""""}",Round
127,bracelet,Black Diamond 6.5 In. Tennis Bracelet,"{""1"":""https://qidsagjjizqvkbnuwbdm.supabase.co/storage/v1/object/public/product-media-storage/bracelet/Black%20Diamond%206.5%20In.%20Tennis%20Bracelet%20Top?"",""2"":""https://qidsagjjizqvkbnuwbdm.supabase.co/storage/v1/object/public/product-media-storage/bracelet/Black%20Diamond%206.5%20In.%20Tennis%20Bracelet%20additional1?""}",,"{""img"":""#F9F9F9"",""video"":""""}",Round 
128,bracelet,Dale Lab Grown Diamond Tennis Bracelet,"{""1"":""https://qidsagjjizqvkbnuwbdm.supabase.co/storage/v1/object/public/product-media-storage/bracelet/Dale%20Lab%20Grown%20Diamond%20Tennis%20Bracelet%20%20Top"",""2"":""https://qidsagjjizqvkbnuwbdm.supabase.co/storage/v1/object/public/product-media-storage/bracelet/Dale%20Lab%20Grown%20Diamond%20Tennis%20Bracelet%20%20additional1""}",,"{""img"":""#F9F9F9"",""video"":""""}",Round
129,bracelet,Emerald-Cut Lab Diamond Bezel Tennis Bracelet,"{""1"":""https://qidsagjjizqvkbnuwbdm.supabase.co/storage/v1/object/public/product-media-storage/bracelet/Emerald-Cut%20Lab%20Diamond%20Bezel%20Tennis%20Bracelet%20Top?"",""2"":""https://qidsagjjizqvkbnuwbdm.supabase.co/storage/v1/object/public/product-media-storage/bracelet/Emerald-Cut%20Lab%20Diamond%20Bezel%20Tennis%20Bracelet%20additional1?""}",,"{""img"":""#F9F9F9"",""video"":""""}",Emerald
130,bracelet,Olivetta Lab Diamond Tennis Bracelet,"{""1"":""https://qidsagjjizqvkbnuwbdm.supabase.co/storage/v1/object/public/product-media-storage/bracelet/Olivetta%20Lab%20Diamond%20Tennis%20Bracelet%20Top?"",""2"":""https://qidsagjjizqvkbnuwbdm.supabase.co/storage/v1/object/public/product-media-storage/bracelet/Olivetta%20Lab%20Diamond%20Tennis%20Bracelet%20additional1?""}",,"{""img"":""#F9F9F9"",""video"":""""}",Pear
131,bracelet,Pear Lab Diamond Tennis Bracelet,"{""1"":""https://qidsagjjizqvkbnuwbdm.supabase.co/storage/v1/object/public/product-media-storage/bracelet/Pear%20Lab%20Diamond%20Tennis%20Bracelet%20Top?"",""2"":""https://qidsagjjizqvkbnuwbdm.supabase.co/storage/v1/object/public/product-media-storage/bracelet/Pear%20Lab%20Diamond%20Tennis%20Bracelet%20additional1?""}",,"{""img"":""#F9F9F9"",""video"":""""}",Pear
132,bracelet,Petite Pave Diamond Bar Bracelet,"{""1"":""https://qidsagjjizqvkbnuwbdm.supabase.co/storage/v1/object/public/product-media-storage/bracelet/Petite%20Pave%20Diamond%20Bar%20Bracelet%20Top?"",""2"":""https://qidsagjjizqvkbnuwbdm.supabase.co/storage/v1/object/public/product-media-storage/bracelet/Petite%20Pave%20Diamond%20Bar%20Bracelet%20additional1?""}",,"{""img"":""#F9F9F9"",""video"":""""}",Round
133,bracelet,Princess Diamond Tennis Bracelet,"{""1"":""https://qidsagjjizqvkbnuwbdm.supabase.co/storage/v1/object/public/product-media-storage/bracelet/Princess%20Diamond%20Tennis%20Bracelet%20Top?"",""2"":""https://qidsagjjizqvkbnuwbdm.supabase.co/storage/v1/object/public/product-media-storage/bracelet/Princess%20Diamond%20Tennis%20Bracelet%20additional1?""}",,"{""img"":""#F9F9F9"",""video"":""""}",Princess 
134,bracelet,Tia Lab Diamond Tennis Bracelet,"{""1"":""https://qidsagjjizqvkbnuwbdm.supabase.co/storage/v1/object/public/product-media-storage/bracelet/Tia%20Lab%20Diamond%20Tennis%20Bracelet%20%20Top"",""2"":""https://qidsagjjizqvkbnuwbdm.supabase.co/storage/v1/object/public/product-media-storage/bracelet/Tia%20Lab%20Diamond%20Tennis%20Bracelet%20%20additional1""}",,"{""img"":""#F9F9F9"",""video"":""""}",Round
135,bracelet,Bella Lab Grown Diamond Tennis Bracelet,"{""1"":""https://qidsagjjizqvkbnuwbdm.supabase.co/storage/v1/object/public/product-media-storage/bracelet/Bella%20Lab%20Grown%20Diamond%20Tennis%20Bracelet%20Top"",""2"":""https://qidsagjjizqvkbnuwbdm.supabase.co/storage/v1/object/public/product-media-storage/bracelet/Bella%20Lab%20Grown%20Diamond%20Tennis%20Bracelet%20additional1"",""3"":""https://qidsagjjizqvkbnuwbdm.supabase.co/storage/v1/object/public/product-media-storage/bracelet/Bella%20Lab%20Grown%20Diamond%20Tennis%20Bracelet%20compare""}",,"{""img"":""#F9F9F9"",""video"":""""}",Round
136,bracelet,Ola Lab Grown Diamond Tennis Bracelet,"{""1"":""https://qidsagjjizqvkbnuwbdm.supabase.co/storage/v1/object/public/product-media-storage/bracelet/Ola%20Lab%20Grown%20Diamond%20Tennis%20Bracelet%20Top"",""2"":""""}",,"{""img"":""#F9F9F9"",""video"":""""}",Round
137,earings,Diamond Huggie Earrings,"{""1"":""https://qidsagjjizqvkbnuwbdm.supabase.co/storage/v1/object/public/product-media-storage/earings/Diamond%20Huggie%20Earrings%20Top?"",""2"":""https://qidsagjjizqvkbnuwbdm.supabase.co/storage/v1/object/public/product-media-storage/earings/Diamond%20Huggie%20Earrings%20additional1?""}",,"{""img"":""#F9F9F9"",""video"":""""}",Round
138,earings,Emerald Lab Diamond Bezel Hoop Earrings,"{""1"":""https://qidsagjjizqvkbnuwbdm.supabase.co/storage/v1/object/public/product-media-storage/earings/Emerald%20Lab%20Diamond%20Bezel%20Hoop%20Earrings%20Top?"",""2"":""https://qidsagjjizqvkbnuwbdm.supabase.co/storage/v1/object/public/product-media-storage/earings/Emerald%20Lab%20Diamond%20Bezel%20Hoop%20Earrings%20additional1?""}",,"{""img"":""#F9F9F9"",""video"":""""}",Emerald